<ADDITIONAL_FIELDS>
  <!--~~~~~~~~~~~~~~~~~~~~~~~~~~~~~~~~~~~~~~~~~~~~~~~~~~~~~~~~~~~~~~~~~~~~~~~~~~~~~~~~~~~~~~~~~~~~~-->
  <!---->
  <!--~~~~~~~~~~~~~~~~~~~~~~~~~~~~~~~~~~~~~~~~~~~~~~~~~~~~~~~~~~~~~~~~~~~~~~~~~~~~~~~~~~~~~~~~~~~~~-->
  <!--TARGET APPLICANT NAME-->
  <FIELD name="XML_P1a_Borrower_1">
    <WIDGETS>
      <WIDGET page_index="0" left="138.965" bottom="141.92" width="159.341" height="12.074" rotation="0" />
    </WIDGETS>
  </FIELD>
  <!--SIG_PAD-->
  <FIELD name="PAD_P1a_Borrower_1">
    <WIDGETS>
      <WIDGET page_index="0" left="54.3667" bottom="142.075" width="84.5203" height="21.028" rotation="0" />
    </WIDGETS>
  </FIELD>
  <FIELD name="SIG_DATE_P1a_Borrower_1">
    <WIDGETS>
      <WIDGET page_index="0" left="240.473" bottom="155.542" width="57.231" height="12.074" rotation="0" />
    </WIDGETS>
  </FIELD>
  <!--DOCUSIGN-->
  <FIELD type="SignatureMetaField" signature_field_name="PAD_P1a_Borrower_1" name="P1a_Borrower_1" role="RecipientIndex" docusign_x_offset="0" docusign_y_offset="-5" />
  <FIELD type="SignatureMetaField" signature_field_name="PAD_P1a_Borrower_1" name="P1a_Borrower_1_Initials" role="IsInitials" value="N" />
  <FIELD type="SignatureMetaField" signature_field_name="PAD_P1a_Borrower_1" name="P1a_Borrower_1_DateOffsets" role="DateOffset" docusign_date_x_offset="0" docusign_date_y_offset="0" />
  <!--~~~~~~~~~~~~~~~~~~~~~~~~~~~~~~~~~~~~~~~~~~~~~~~~~~~~~~~~~~~~~~~~~~~~~~~~~~~~~~~~~~~~~~~~~~~~~-->
  <!---->
  <!--~~~~~~~~~~~~~~~~~~~~~~~~~~~~~~~~~~~~~~~~~~~~~~~~~~~~~~~~~~~~~~~~~~~~~~~~~~~~~~~~~~~~~~~~~~~~~-->
  <!--TARGET APPLICANT NAME-->
  <FIELD name="XML_P1b_Borrower_2">
    <WIDGETS>
      <WIDGET page_index="0" left="415.957" bottom="142.424" width="163.377" height="12.074" rotation="0" />
    </WIDGETS>
  </FIELD>
  <!--SIG_PAD-->
  <FIELD name="PAD_P1b_Borrower_2">
    <WIDGETS>
      <WIDGET page_index="0" left="331.358" bottom="142.58" width="84.521" height="21.028" rotation="0" />
    </WIDGETS>
  </FIELD>
  <FIELD name="SIG_DATE_P1b_Borrower_2">
    <WIDGETS>
      <WIDGET page_index="0" left="522.007" bottom="156.047" width="57.2310000000001" height="12.074" rotation="0" />
    </WIDGETS>
  </FIELD>
  <!--DOCUSIGN-->
  <FIELD type="SignatureMetaField" signature_field_name="PAD_P1b_Borrower_2" name="P1b_Borrower_2" role="RecipientIndex" docusign_x_offset="0" docusign_y_offset="-5" />
  <FIELD type="SignatureMetaField" signature_field_name="PAD_P1b_Borrower_2" name="P1b_Borrower_2_Initials" role="IsInitials" value="N" />
  <FIELD type="SignatureMetaField" signature_field_name="PAD_P1b_Borrower_2" name="P1b_Borrower_2_DateOffsets" role="DateOffset" docusign_date_x_offset="0" docusign_date_y_offset="0" />
  <!--~~~~~~~~~~~~~~~~~~~~~~~~~~~~~~~~~~~~~~~~~~~~~~~~~~~~~~~~~~~~~~~~~~~~~~~~~~~~~~~~~~~~~~~~~~~~~-->
  <!---->
  <!--~~~~~~~~~~~~~~~~~~~~~~~~~~~~~~~~~~~~~~~~~~~~~~~~~~~~~~~~~~~~~~~~~~~~~~~~~~~~~~~~~~~~~~~~~~~~~-->
  <!--TARGET APPLICANT NAME-->
  <FIELD name="XML_P1c_Creditor_Employee">
    <WIDGETS>
      <WIDGET page_index="0" left="137.956" bottom="79.3932" width="159.341" height="12.0741" rotation="0" />
    </WIDGETS>
  </FIELD>
  <!--SIG_PAD-->
  <FIELD name="PAD_P1c_Creditor_Employee">
    <WIDGETS>
      <WIDGET page_index="0" left="53.3576" bottom="79.549" width="84.5204" height="21.028" rotation="0" />
    </WIDGETS>
  </FIELD>
  <FIELD name="SIG_DATE_P1c_Creditor_Employee">
    <WIDGETS>
      <WIDGET page_index="0" left="239.464" bottom="93.0158" width="57.231" height="12.0742" rotation="0" />
    </WIDGETS>
  </FIELD>
  <!--DOCUSIGN-->
  <FIELD type="SignatureMetaField" signature_field_name="PAD_P1c_Creditor_Employee" name="P1c_Creditor_Employee" role="RecipientIndex" docusign_x_offset="0" docusign_y_offset="0" />
  <FIELD type="SignatureMetaField" signature_field_name="PAD_P1c_Creditor_Employee" name="P1c_Creditor_Employee_Initials" role="IsInitials" value="N" />
  <FIELD type="SignatureMetaField" signature_field_name="PAD_P1c_Creditor_Employee" name="P1c_Creditor_Employee_DateOffsets" role="DateOffset" docusign_date_x_offset="0" docusign_date_y_offset="0" />
  <!--~~~~~~~~~~~~~~~~~~~~~~~~~~~~~~~~~~~~~~~~~~~~~~~~~~~~~~~~~~~~~~~~~~~~~~~~~~~~~~~~~~~~~~~~~~~~~-->
  <!---->
  <!--~~~~~~~~~~~~~~~~~~~~~~~~~~~~~~~~~~~~~~~~~~~~~~~~~~~~~~~~~~~~~~~~~~~~~~~~~~~~~~~~~~~~~~~~~~~~~-->
</ADDITIONAL_FIELDS>