<ADDITIONAL_FIELDS>
  <!--~~~~~~~~~~~~~~~~~~~~~~~~~~~~~~~~~~~~~~~~~~~~~~~~~~~~~~~~~~~~~~~~~~~~~~~~~~~~~~~~~~~~~~~~~~~~~-->
  <!---->
  <!--~~~~~~~~~~~~~~~~~~~~~~~~~~~~~~~~~~~~~~~~~~~~~~~~~~~~~~~~~~~~~~~~~~~~~~~~~~~~~~~~~~~~~~~~~~~~~-->
  <!--TARGET APPLICANT NAME-->
  <FIELD name="XML_P1a_Applicant">
    <WIDGETS>
      <WIDGET page_index="0" left="325.655" bottom="233.567" width="198.477" height="10.56" rotation="0" />
    </WIDGETS>
  </FIELD>
  <!--SIG_PAD-->
  <FIELD name="PAD_P1a_Applicant">
    <WIDGETS>
      <WIDGET page_index="0" left="323.105" bottom="259.059" width="102.416" height="24.958" rotation="0" />
    </WIDGETS>
  </FIELD>
  <FIELD name="SIG_DATE_P1a_Applicant">
    <WIDGETS>
      <WIDGET page_index="0" left="492.364" bottom="259.285" width="57.2310000000001" height="10.56" rotation="0" />
    </WIDGETS>
  </FIELD>
  <!--DOCUSIGN-->
  <FIELD type="SignatureMetaField" signature_field_name="PAD_P1a_Applicant" name="P1a_Applicant" role="RecipientIndex" docusign_x_offset="0" docusign_y_offset="-4" />
  <FIELD type="SignatureMetaField" signature_field_name="PAD_P1a_Applicant" name="P1a_Applicant_Initials" role="IsInitials" value="N" />
  <FIELD type="SignatureMetaField" signature_field_name="PAD_P1a_Applicant" name="P1a_Applicant_DateOffsets" role="DateOffset" docusign_date_x_offset="0" docusign_date_y_offset="0" />
  <FIELD type="SignatureMetaField" signature_field_name="PAD_P1a_Applicant" name="P1a_Applicant_Optional" role="IsOptional" value="N" />
  <!--~~~~~~~~~~~~~~~~~~~~~~~~~~~~~~~~~~~~~~~~~~~~~~~~~~~~~~~~~~~~~~~~~~~~~~~~~~~~~~~~~~~~~~~~~~~~~-->
  <!---->
  <!--~~~~~~~~~~~~~~~~~~~~~~~~~~~~~~~~~~~~~~~~~~~~~~~~~~~~~~~~~~~~~~~~~~~~~~~~~~~~~~~~~~~~~~~~~~~~~-->
</ADDITIONAL_FIELDS>