<ADDITIONAL_FIELDS>
  <!--~~~~~~~~~~~~~~~~~~~~~~~~~~~~~~~~~~~~~~~~~~~~~~~~~~~~~~~~~~~~~~~~~~~~~~~~~~~~~~~~~~~~~~~~~~~~~-->
  <!---->
  <!--~~~~~~~~~~~~~~~~~~~~~~~~~~~~~~~~~~~~~~~~~~~~~~~~~~~~~~~~~~~~~~~~~~~~~~~~~~~~~~~~~~~~~~~~~~~~~-->
  <!--TARGET APPLICANT NAME-->
  <FIELD name="XML_P1a_Applicant">
    <WIDGETS>
      <WIDGET page_index="0" left="105.548" bottom="21.9601" width="156.585" height="10.07" rotation="0" />
    </WIDGETS>
  </FIELD>
  <!--SIG_PAD-->
  <FIELD name="PAD_P1a_Applicant">
    <WIDGETS>
      <WIDGET page_index="0" left="33.484" bottom="31.3131" width="79.815" height="19.8571" rotation="0" />
    </WIDGETS>
  </FIELD>
  <FIELD name="SIG_DATE_P1a_Applicant">
    <WIDGETS>
      <WIDGET page_index="0" left="238.046" bottom="40.3301" width="60.284" height="9.142" rotation="0" />
    </WIDGETS>
  </FIELD>
  <!--DOCUSIGN-->
  <FIELD type="SignatureMetaField" signature_field_name="PAD_P1a_Applicant" name="P1a_Applicant" role="RecipientIndex" docusign_x_offset="0" docusign_y_offset="-7" />
  <FIELD type="SignatureMetaField" signature_field_name="PAD_P1a_Applicant" name="P1a_Applicant_Initials" role="IsInitials" value="N" />
  <FIELD type="SignatureMetaField" signature_field_name="PAD_P1a_Applicant" name="P1a_Applicant_DateOffsets" role="DateOffset" docusign_date_x_offset="0" docusign_date_y_offset="0" />
  <!--~~~~~~~~~~~~~~~~~~~~~~~~~~~~~~~~~~~~~~~~~~~~~~~~~~~~~~~~~~~~~~~~~~~~~~~~~~~~~~~~~~~~~~~~~~~~~-->
  <!---->
  <!--~~~~~~~~~~~~~~~~~~~~~~~~~~~~~~~~~~~~~~~~~~~~~~~~~~~~~~~~~~~~~~~~~~~~~~~~~~~~~~~~~~~~~~~~~~~~~-->
  <!--TARGET APPLICANT NAME-->
  <FIELD name="XML_P1b_Other">
    <WIDGETS>
      <WIDGET page_index="0" left="397.256" bottom="21.9601" width="145.676" height="10.07" rotation="0" />
    </WIDGETS>
  </FIELD>
  <!--SIG_PAD-->
  <FIELD name="PAD_P1b_Other">
    <WIDGETS>
      <WIDGET page_index="0" left="324.192" bottom="31.2781" width="78.392" height="19.5032" rotation="0" />
    </WIDGETS>
  </FIELD>
  <FIELD name="SIG_DATE_P1b_Other">
    <WIDGETS>
      <WIDGET page_index="0" left="529.753" bottom="40.2411" width="60.284" height="9.142" rotation="0" />
    </WIDGETS>
  </FIELD>
  <!--DOCUSIGN-->
  <FIELD type="SignatureMetaField" signature_field_name="PAD_P1b_Other" name="P1b_Other" role="RecipientIndex" docusign_x_offset="0" docusign_y_offset="-7" />
  <FIELD type="SignatureMetaField" signature_field_name="PAD_P1b_Other" name="P1b_Other_Initials" role="IsInitials" value="N" />
  <FIELD type="SignatureMetaField" signature_field_name="PAD_P1b_Other" name="P1b_Other_DateOffsets" role="DateOffset" docusign_date_x_offset="0" docusign_date_y_offset="0" />
  <!--~~~~~~~~~~~~~~~~~~~~~~~~~~~~~~~~~~~~~~~~~~~~~~~~~~~~~~~~~~~~~~~~~~~~~~~~~~~~~~~~~~~~~~~~~~~~~-->
  <!---->
  <!--~~~~~~~~~~~~~~~~~~~~~~~~~~~~~~~~~~~~~~~~~~~~~~~~~~~~~~~~~~~~~~~~~~~~~~~~~~~~~~~~~~~~~~~~~~~~~-->
  <!--TARGET APPLICANT NAME-->
  <FIELD name="XML_P1c_Signature_for_Wisconsin_Residents">
    <WIDGETS>
      <WIDGET page_index="0" left="391.718" bottom="178.084" width="199.784" height="10.07" rotation="0" />
    </WIDGETS>
  </FIELD>
  <!--SIG_PAD-->
  <FIELD name="PAD_P1c_Signature_for_Wisconsin_Residents">
    <WIDGETS>
      <WIDGET page_index="0" left="323.441" bottom="161.236" width="69.377" height="17.26" rotation="0" />
    </WIDGETS>
  </FIELD>
  <FIELD name="SIG_DATE_P1c_Signature_for_Wisconsin_Residents">
    <WIDGETS>
      <WIDGET page_index="0" left="528.9" bottom="161.849" width="56.7670000000001" height="9.14200000000002" rotation="0" />
    </WIDGETS>
  </FIELD>
  <!--DOCUSIGN-->
  <FIELD type="SignatureMetaField" signature_field_name="PAD_P1c_Signature_for_Wisconsin_Residents" name="P1c_Signature_for_Wisconsin_Residents" role="RecipientIndex" docusign_x_offset="0" docusign_y_offset="-7" />
  <FIELD type="SignatureMetaField" signature_field_name="PAD_P1c_Signature_for_Wisconsin_Residents" name="P1c_Signature_for_Wisconsin_Residents_Initials" role="IsInitials" value="N" />
  <FIELD type="SignatureMetaField" signature_field_name="PAD_P1c_Signature_for_Wisconsin_Residents" name="P1c_Signature_for_Wisconsin_Residents_DateOffsets" role="DateOffset" docusign_date_x_offset="0" docusign_date_y_offset="0" />
  <!--~~~~~~~~~~~~~~~~~~~~~~~~~~~~~~~~~~~~~~~~~~~~~~~~~~~~~~~~~~~~~~~~~~~~~~~~~~~~~~~~~~~~~~~~~~~~~-->
  <!---->
  <!--~~~~~~~~~~~~~~~~~~~~~~~~~~~~~~~~~~~~~~~~~~~~~~~~~~~~~~~~~~~~~~~~~~~~~~~~~~~~~~~~~~~~~~~~~~~~~-->
</ADDITIONAL_FIELDS>