<ADDITIONAL_FIELDS>
  <!--~~~~~~~~~~~~~~~~~~~~~~~~~~~~~~~~~~~~~~~~~~~~~~~~~~~~~~~~~~~~~~~~~~~~~~~~~~~~~~~~~~~~~~~~~~~~~-->
  <!---->
  <!--~~~~~~~~~~~~~~~~~~~~~~~~~~~~~~~~~~~~~~~~~~~~~~~~~~~~~~~~~~~~~~~~~~~~~~~~~~~~~~~~~~~~~~~~~~~~~-->
  <!--SIG_PAD-->
  <FIELD name="PAD_P3a_Borrower_1">
    <WIDGETS>
      <WIDGET page_index="2" left="44.5074" bottom="632.417" width="66.3606" height="16.51" rotation="0" />
    </WIDGETS>
  </FIELD>
  <FIELD name="SIG_DATE_P3a_Borrower_1">
    <WIDGETS>
      <WIDGET page_index="2" left="237.622" bottom="640.094" width="58.348" height="10.0699999999999" rotation="0" />
    </WIDGETS>
  </FIELD>
  <!--DOCUSIGN-->
  <FIELD type="SignatureMetaField" signature_field_name="PAD_P3a_Borrower_1" name="P3a_Borrower_1" role="RecipientIndex" docusign_x_offset="0" docusign_y_offset="-12.24" />
  <FIELD type="SignatureMetaField" signature_field_name="PAD_P3a_Borrower_1" name="P3a_Borrower_1_Initials" role="IsInitials" value="N" />
  <FIELD type="SignatureMetaField" signature_field_name="PAD_P3a_Borrower_1" name="P3a_Borrower_1_DateOffsets" role="DateOffset" docusign_date_x_offset="0" docusign_date_y_offset="0" />
  <!--~~~~~~~~~~~~~~~~~~~~~~~~~~~~~~~~~~~~~~~~~~~~~~~~~~~~~~~~~~~~~~~~~~~~~~~~~~~~~~~~~~~~~~~~~~~~~-->
  <!---->
  <!--~~~~~~~~~~~~~~~~~~~~~~~~~~~~~~~~~~~~~~~~~~~~~~~~~~~~~~~~~~~~~~~~~~~~~~~~~~~~~~~~~~~~~~~~~~~~~-->
  <!--SIG_PAD-->
  <FIELD name="PAD_P3b_Borrower_2">
    <WIDGETS>
      <WIDGET page_index="2" left="321.189" bottom="632.04" width="67.995" height="16.917" rotation="0" />
    </WIDGETS>
  </FIELD>
  <FIELD name="SIG_DATE_P3b_Borrower_2">
    <WIDGETS>
      <WIDGET page_index="2" left="522.913" bottom="640.168" width="58.348" height="10.0700000000001" rotation="0" />
    </WIDGETS>
  </FIELD>
  <!--DOCUSIGN-->
  <FIELD type="SignatureMetaField" signature_field_name="PAD_P3b_Borrower_2" name="P3b_Borrower_2" role="RecipientIndex" docusign_x_offset="0" docusign_y_offset="-12.24" />
  <FIELD type="SignatureMetaField" signature_field_name="PAD_P3b_Borrower_2" name="P3b_Borrower_2_Initials" role="IsInitials" value="N" />
  <FIELD type="SignatureMetaField" signature_field_name="PAD_P3b_Borrower_2" name="P3b_Borrower_2_DateOffsets" role="DateOffset" docusign_date_x_offset="0" docusign_date_y_offset="0" />
  <!--~~~~~~~~~~~~~~~~~~~~~~~~~~~~~~~~~~~~~~~~~~~~~~~~~~~~~~~~~~~~~~~~~~~~~~~~~~~~~~~~~~~~~~~~~~~~~-->
  <!---->
  <!--~~~~~~~~~~~~~~~~~~~~~~~~~~~~~~~~~~~~~~~~~~~~~~~~~~~~~~~~~~~~~~~~~~~~~~~~~~~~~~~~~~~~~~~~~~~~~-->
</ADDITIONAL_FIELDS>