<ADDITIONAL_FIELDS>
  <!--~~~~~~~~~~~~~~~~~~~~~~~~~~~~~~~~~~~~~~~~~~~~~~~~~~~~~~~~~~~~~~~~~~~~~~~~~~~~~~~~~~~~~~~~~~~~~-->
  <!---->
  <!--~~~~~~~~~~~~~~~~~~~~~~~~~~~~~~~~~~~~~~~~~~~~~~~~~~~~~~~~~~~~~~~~~~~~~~~~~~~~~~~~~~~~~~~~~~~~~-->
  <!--TARGET APPLICANT NAME-->
  <FIELD name="XML_P3a_Borrower1">
    <WIDGETS>
      <WIDGET page_index="2" left="37.9791" bottom="586.43" width="208.4399" height="12.0740000000001" rotation="0" />
    </WIDGETS>
  </FIELD>
  <!--SIG_PAD-->
  <FIELD name="PAD_P3a_Borrower1">
    <WIDGETS>
      <WIDGET page_index="2" left="44.7429" bottom="608.989" width="66.1671" height="16.461" rotation="0" />
    </WIDGETS>
  </FIELD>
  <FIELD name="SIG_DATE_P3a_Borrower1">
    <WIDGETS>
      <WIDGET page_index="2" left="239.076" bottom="616.333" width="57.231" height="12.0740000000001" rotation="0" />
    </WIDGETS>
  </FIELD>
  <!--DOCUSIGN-->
  <FIELD type="SignatureMetaField" signature_field_name="PAD_P3a_Borrower1" name="P3a_Borrower1" role="RecipientIndex" docusign_x_offset="0" docusign_y_offset="0" />
  <FIELD type="SignatureMetaField" signature_field_name="PAD_P3a_Borrower1" name="P3a_Borrower1_Initials" role="IsInitials" value="N" />
  <FIELD type="SignatureMetaField" signature_field_name="PAD_P3a_Borrower1" name="P3a_Borrower1_DateOffsets" role="DateOffset" docusign_date_x_offset="0" docusign_date_y_offset="0" />
  <!--~~~~~~~~~~~~~~~~~~~~~~~~~~~~~~~~~~~~~~~~~~~~~~~~~~~~~~~~~~~~~~~~~~~~~~~~~~~~~~~~~~~~~~~~~~~~~-->
  <!---->
  <!--~~~~~~~~~~~~~~~~~~~~~~~~~~~~~~~~~~~~~~~~~~~~~~~~~~~~~~~~~~~~~~~~~~~~~~~~~~~~~~~~~~~~~~~~~~~~~-->
  <!--TARGET APPLICANT NAME-->
  <FIELD name="XML_P3b_Borrower2">
    <WIDGETS>
      <WIDGET page_index="2" left="312.734" bottom="586.43" width="211.167" height="12.0740000000001" rotation="0" />
    </WIDGETS>
  </FIELD>
  <!--SIG_PAD-->
  <FIELD name="PAD_P3b_Borrower2">
    <WIDGETS>
      <WIDGET page_index="2" left="321.734" bottom="608.989" width="66.607" height="16.5709999999999" rotation="0" />
    </WIDGETS>
  </FIELD>
  <FIELD name="SIG_DATE_P3b_Borrower2">
    <WIDGETS>
      <WIDGET page_index="2" left="518.926" bottom="616.224" width="62.0309999999999" height="12.074" rotation="0" />
    </WIDGETS>
  </FIELD>
  <!--DOCUSIGN-->
  <FIELD type="SignatureMetaField" signature_field_name="PAD_P3b_Borrower2" name="P3b_Borrower2" role="RecipientIndex" docusign_x_offset="0" docusign_y_offset="0" />
  <FIELD type="SignatureMetaField" signature_field_name="PAD_P3b_Borrower2" name="P3b_Borrower2_Initials" role="IsInitials" value="N" />
  <FIELD type="SignatureMetaField" signature_field_name="PAD_P3b_Borrower2" name="P3b_Borrower2_DateOffsets" role="DateOffset" docusign_date_x_offset="0" docusign_date_y_offset="0" />
  <!--~~~~~~~~~~~~~~~~~~~~~~~~~~~~~~~~~~~~~~~~~~~~~~~~~~~~~~~~~~~~~~~~~~~~~~~~~~~~~~~~~~~~~~~~~~~~~-->
  <!---->
  <!--~~~~~~~~~~~~~~~~~~~~~~~~~~~~~~~~~~~~~~~~~~~~~~~~~~~~~~~~~~~~~~~~~~~~~~~~~~~~~~~~~~~~~~~~~~~~~-->
</ADDITIONAL_FIELDS>