<ADDITIONAL_FIELDS>
  <!--~~~~~~~~~~~~~~~~~~~~~~~~~~~~~~~~~~~~~~~~~~~~~~~~~~~~~~~~~~~~~~~~~~~~~~~~~~~~~~~~~~~~~~~~~~~~~-->
  <!---->
  <!--~~~~~~~~~~~~~~~~~~~~~~~~~~~~~~~~~~~~~~~~~~~~~~~~~~~~~~~~~~~~~~~~~~~~~~~~~~~~~~~~~~~~~~~~~~~~~-->
  <!--TARGET APPLICANT NAME-->
  <FIELD name="CUSTOM_Guarantor_1_Name">
    <WIDGETS>
      <WIDGET page_index="0" left="111.693" bottom="70.1982" width="165.477" height="10.6148" rotation="0" />
    </WIDGETS>
  </FIELD>
  <!--SIG_PAD-->
  <FIELD name="PAD_Guarantor_1">
    <WIDGETS>
      <WIDGET page_index="0" left="41.2571" bottom="78.9071" width="102.4169" height="24.9579" rotation="0" />
    </WIDGETS>
  </FIELD>
  <FIELD name="SIG_DATE_Guarantor_1">
    <WIDGETS>
      <WIDGET page_index="0" left="241.281" bottom="88.4626" width="56.087" height="10.9966" rotation="0" />
    </WIDGETS>
  </FIELD>
  <!--DOCUSIGN-->
  <FIELD type="SignatureMetaField" signature_field_name="PAD_Guarantor_1" name="Guarantor_1" role="RecipientIndex" docusign_x_offset="0" docusign_y_offset="-8" />
  <FIELD type="SignatureMetaField" signature_field_name="PAD_Guarantor_1" name="Guarantor_1_Initials" role="IsInitials" value="N" />
  <FIELD type="SignatureMetaField" signature_field_name="PAD_Guarantor_1" name="Guarantor_1_DateOffsets" role="DateOffset" docusign_date_x_offset="0" docusign_date_y_offset="0" />
  <!--~~~~~~~~~~~~~~~~~~~~~~~~~~~~~~~~~~~~~~~~~~~~~~~~~~~~~~~~~~~~~~~~~~~~~~~~~~~~~~~~~~~~~~~~~~~~~-->
  <!---->
  <!--~~~~~~~~~~~~~~~~~~~~~~~~~~~~~~~~~~~~~~~~~~~~~~~~~~~~~~~~~~~~~~~~~~~~~~~~~~~~~~~~~~~~~~~~~~~~~-->
  <!--TARGET APPLICANT NAME-->
  <FIELD name="CUSTOM_Guarantor_2_Name">
    <WIDGETS>
      <WIDGET page_index="0" left="111.693" bottom="28.1215" width="165.477" height="10.6147" rotation="0" />
    </WIDGETS>
  </FIELD>
  <!--SIG_PAD-->
  <FIELD name="PAD_Guarantor_2">
    <WIDGETS>
      <WIDGET page_index="0" left="41.2571" bottom="35.8428" width="102.4169" height="24.958" rotation="0" />
    </WIDGETS>
  </FIELD>
  <FIELD name="SIG_DATE_Guarantor_2">
    <WIDGETS>
      <WIDGET page_index="0" left="241.65" bottom="45.7784" width="56.087" height="10.9966" rotation="0" />
    </WIDGETS>
  </FIELD>
  <!--DOCUSIGN-->
  <FIELD type="SignatureMetaField" signature_field_name="PAD_Guarantor_2" name="Guarantor_2" role="RecipientIndex" docusign_x_offset="0" docusign_y_offset="-8" />
  <FIELD type="SignatureMetaField" signature_field_name="PAD_Guarantor_2" name="Guarantor_2_Initials" role="IsInitials" value="N" />
  <FIELD type="SignatureMetaField" signature_field_name="PAD_Guarantor_2" name="Guarantor_2_DateOffsets" role="DateOffset" docusign_date_x_offset="0" docusign_date_y_offset="0" />
  <!--~~~~~~~~~~~~~~~~~~~~~~~~~~~~~~~~~~~~~~~~~~~~~~~~~~~~~~~~~~~~~~~~~~~~~~~~~~~~~~~~~~~~~~~~~~~~~-->
  <!---->
  <!--~~~~~~~~~~~~~~~~~~~~~~~~~~~~~~~~~~~~~~~~~~~~~~~~~~~~~~~~~~~~~~~~~~~~~~~~~~~~~~~~~~~~~~~~~~~~~-->
  <!--TARGET APPLICANT NAME-->
  <FIELD name="CUSTOM_Witness_1_Name">
    <WIDGETS>
      <WIDGET page_index="0" left="409.302" bottom="71.7533" width="160.786" height="10.6147" rotation="0" />
    </WIDGETS>
  </FIELD>
  <!--SIG_PAD-->
  <FIELD name="PAD_Witness_1">
    <WIDGETS>
      <WIDGET page_index="0" left="330.713" bottom="78.9071" width="102.416" height="24.9579" rotation="0" />
    </WIDGETS>
  </FIELD>
  <FIELD name="SIG_DATE_Witness_1">
    <WIDGETS>
      <WIDGET page_index="0" left="536.255" bottom="89.0082" width="53.9590000000001" height="10.9968" rotation="0" />
    </WIDGETS>
  </FIELD>
  <!--DOCUSIGN-->
  <FIELD type="SignatureMetaField" signature_field_name="PAD_Witness_1" name="Witness_1" role="RecipientIndex" docusign_x_offset="0" docusign_y_offset="-8" />
  <FIELD type="SignatureMetaField" signature_field_name="PAD_Witness_1" name="Witness_1_Initials" role="IsInitials" value="N" />
  <FIELD type="SignatureMetaField" signature_field_name="PAD_Witness_1" name="Witness_1_DateOffsets" role="DateOffset" docusign_date_x_offset="0" docusign_date_y_offset="0" />
  <!--~~~~~~~~~~~~~~~~~~~~~~~~~~~~~~~~~~~~~~~~~~~~~~~~~~~~~~~~~~~~~~~~~~~~~~~~~~~~~~~~~~~~~~~~~~~~~-->
  <!---->
  <!--~~~~~~~~~~~~~~~~~~~~~~~~~~~~~~~~~~~~~~~~~~~~~~~~~~~~~~~~~~~~~~~~~~~~~~~~~~~~~~~~~~~~~~~~~~~~~-->
  <!--TARGET APPLICANT NAME-->
  <FIELD name="CUSTOM_Witness_2_Name">
    <WIDGETS>
      <WIDGET page_index="0" left="409.302" bottom="28.3485" width="160.786" height="10.6147" rotation="0" />
    </WIDGETS>
  </FIELD>
  <!--SIG_PAD-->
  <FIELD name="PAD_Witness_2">
    <WIDGETS>
      <WIDGET page_index="0" left="330.713" bottom="35.8428" width="102.416" height="24.958" rotation="0" />
    </WIDGETS>
  </FIELD>
  <FIELD name="SIG_DATE_Witness_2">
    <WIDGETS>
      <WIDGET page_index="0" left="534.251" bottom="45.9149" width="56.086" height="10.9967" rotation="0" />
    </WIDGETS>
  </FIELD>
  <!--DOCUSIGN-->
  <FIELD type="SignatureMetaField" signature_field_name="PAD_Witness_2" name="Witness_2" role="RecipientIndex" docusign_x_offset="0" docusign_y_offset="-8" />
  <FIELD type="SignatureMetaField" signature_field_name="PAD_Witness_2" name="Witness_2_Initials" role="IsInitials" value="N" />
  <FIELD type="SignatureMetaField" signature_field_name="PAD_Witness_2" name="Witness_2_DateOffsets" role="DateOffset" docusign_date_x_offset="0" docusign_date_y_offset="0" />
  <!--~~~~~~~~~~~~~~~~~~~~~~~~~~~~~~~~~~~~~~~~~~~~~~~~~~~~~~~~~~~~~~~~~~~~~~~~~~~~~~~~~~~~~~~~~~~~~-->
  <!---->
  <!--~~~~~~~~~~~~~~~~~~~~~~~~~~~~~~~~~~~~~~~~~~~~~~~~~~~~~~~~~~~~~~~~~~~~~~~~~~~~~~~~~~~~~~~~~~~~~-->
</ADDITIONAL_FIELDS>