<ADDITIONAL_FIELDS>
  <!--~~~~~~~~~~~~~~~~~~~~~~~~~~~~~~~~~~~~~~~~~~~~~~~~~~~~~~~~~~~~~~~~~~~~~~~~~~~~~~~~~~~~~~~~~~~~~-->
  <!---->
  <!--~~~~~~~~~~~~~~~~~~~~~~~~~~~~~~~~~~~~~~~~~~~~~~~~~~~~~~~~~~~~~~~~~~~~~~~~~~~~~~~~~~~~~~~~~~~~~-->
  <!--TARGET APPLICANT NAME-->
  <FIELD name="XML_P1a_Account_Owner_Cardholder_1">
    <WIDGETS>
      <WIDGET page_index="0" left="135.356" bottom="505.553" width="166.186" height="10.397" rotation="0" />
    </WIDGETS>
  </FIELD>
  <!--SIG_PAD-->
  <FIELD name="PAD_P1a_Account_Owner_Cardholder_1">
    <WIDGETS>
      <WIDGET page_index="0" left="57.9121" bottom="468.126" width="120.4579" height="29.546" rotation="0" />
    </WIDGETS>
  </FIELD>
  <FIELD name="SIG_DATE_P1a_Account_Owner_Cardholder_1">
    <WIDGETS>
      <WIDGET page_index="0" left="229.561" bottom="476.329" width="59.059" height="12.143" rotation="0" />
    </WIDGETS>
  </FIELD>
  <!--DOCUSIGN-->
  <FIELD type="SignatureMetaField" signature_field_name="PAD_P1a_Account_Owner_Cardholder_1" name="P1a_Account_Owner_Cardholder_1" role="RecipientIndex" docusign_x_offset="0" docusign_y_offset="-4" />
  <FIELD type="SignatureMetaField" signature_field_name="PAD_P1a_Account_Owner_Cardholder_1" name="P1a_Account_Owner_Cardholder_1_Initials" role="IsInitials" value="N" />
  <FIELD type="SignatureMetaField" signature_field_name="PAD_P1a_Account_Owner_Cardholder_1" name="P1a_Account_Owner_Cardholder_1_DateOffsets" role="DateOffset" docusign_date_x_offset="0" docusign_date_y_offset="0" />
  <!--~~~~~~~~~~~~~~~~~~~~~~~~~~~~~~~~~~~~~~~~~~~~~~~~~~~~~~~~~~~~~~~~~~~~~~~~~~~~~~~~~~~~~~~~~~~~~-->
  <!---->
  <!--~~~~~~~~~~~~~~~~~~~~~~~~~~~~~~~~~~~~~~~~~~~~~~~~~~~~~~~~~~~~~~~~~~~~~~~~~~~~~~~~~~~~~~~~~~~~~-->
  <!--TARGET APPLICANT NAME-->
  <FIELD name="XML_P1b_Account_Owner_Cardholder_2">
    <WIDGETS>
      <WIDGET page_index="0" left="402.361" bottom="505.129" width="166.185" height="10.3969999999999" rotation="0" />
    </WIDGETS>
  </FIELD>
  <!--SIG_PAD-->
  <FIELD name="PAD_P1b_Account_Owner_Cardholder_2">
    <WIDGETS>
      <WIDGET page_index="0" left="324.688" bottom="468.126" width="120.457" height="29.546" rotation="0" />
    </WIDGETS>
  </FIELD>
  <FIELD name="SIG_DATE_P1b_Account_Owner_Cardholder_2">
    <WIDGETS>
      <WIDGET page_index="0" left="496.942" bottom="477.639" width="59.059" height="12.142" rotation="0" />
    </WIDGETS>
  </FIELD>
  <!--DOCUSIGN-->
  <FIELD type="SignatureMetaField" signature_field_name="PAD_P1b_Account_Owner_Cardholder_2" name="P1b_Account_Owner_Cardholder_2" role="RecipientIndex" docusign_x_offset="0" docusign_y_offset="-4" />
  <FIELD type="SignatureMetaField" signature_field_name="PAD_P1b_Account_Owner_Cardholder_2" name="P1b_Account_Owner_Cardholder_2_Initials" role="IsInitials" value="N" />
  <FIELD type="SignatureMetaField" signature_field_name="PAD_P1b_Account_Owner_Cardholder_2" name="P1b_Account_Owner_Cardholder_2_DateOffsets" role="DateOffset" docusign_date_x_offset="0" docusign_date_y_offset="0" />
  <!--~~~~~~~~~~~~~~~~~~~~~~~~~~~~~~~~~~~~~~~~~~~~~~~~~~~~~~~~~~~~~~~~~~~~~~~~~~~~~~~~~~~~~~~~~~~~~-->
  <!---->
  <!--~~~~~~~~~~~~~~~~~~~~~~~~~~~~~~~~~~~~~~~~~~~~~~~~~~~~~~~~~~~~~~~~~~~~~~~~~~~~~~~~~~~~~~~~~~~~~-->
</ADDITIONAL_FIELDS>