<ADDITIONAL_FIELDS>
  <!--~~~~~~~~~~~~~~~~~~~~~~~~~~~~~~~~~~~~~~~~~~~~~~~~~~~~~~~~~~~~~~~~~~~~~~~~~~~~~~~~~~~~~~~~~~~~~-->
  <!---->
  <!--~~~~~~~~~~~~~~~~~~~~~~~~~~~~~~~~~~~~~~~~~~~~~~~~~~~~~~~~~~~~~~~~~~~~~~~~~~~~~~~~~~~~~~~~~~~~~-->
  <!--TARGET APPLICANT NAME-->
  <FIELD name="XML_P1a_Borrower_1">
    <WIDGETS>
      <WIDGET page_index="4" left="24.579" bottom="563.511" width="210.040009" height="10.0700073" rotation="0" />
    </WIDGETS>
  </FIELD>
  <!--SIG_PAD-->
  <FIELD name="PAD_P1a_Borrower_1">
    <WIDGETS>
      <WIDGET page_index="4" left="36.6416" bottom="526.05" width="120.708405" height="30.03003" rotation="0" />
    </WIDGETS>
  </FIELD>
  <FIELD name="SIG_DATE_P1a_Borrower_1">
    <WIDGETS>
      <WIDGET page_index="4" left="235.067" bottom="540.588" width="59.9300079" height="11.1069946" rotation="0" />
    </WIDGETS>
  </FIELD>
  <!--DOCUSIGN-->
  <FIELD type="SignatureMetaField" signature_field_name="PAD_P1a_Borrower_1" name="P1a_Borrower_1" role="RecipientIndex" docusign_x_offset="0" docusign_y_offset="0" />
  <FIELD type="SignatureMetaField" signature_field_name="PAD_P1a_Borrower_1" name="P1a_Borrower_1_Initials" role="IsInitials" value="N" />
  <FIELD type="SignatureMetaField" signature_field_name="SIG_DATE_P1a_Borrower_1" name="P1a_Borrower_1_DateOffsets" role="DateOffset" docusign_date_x_offset="0" docusign_date_y_offset="0" />
  <FIELD type="SignatureMetaField" signature_field_name="PAD_P1a_Borrower_1" name="P1a_Borrower_1_Optional" role="IsOptional" value="N" />
  <!--~~~~~~~~~~~~~~~~~~~~~~~~~~~~~~~~~~~~~~~~~~~~~~~~~~~~~~~~~~~~~~~~~~~~~~~~~~~~~~~~~~~~~~~~~~~~~-->
  <!---->
  <!--~~~~~~~~~~~~~~~~~~~~~~~~~~~~~~~~~~~~~~~~~~~~~~~~~~~~~~~~~~~~~~~~~~~~~~~~~~~~~~~~~~~~~~~~~~~~~-->
  <!--TARGET APPLICANT NAME-->
  <FIELD name="XML_P1b_Borrower_2">
    <WIDGETS>
      <WIDGET page_index="4" left="315.585" bottom="562.229" width="206.931" height="10.0700073" rotation="0" />
    </WIDGETS>
  </FIELD>
  <!--SIG_PAD-->
  <FIELD name="PAD_P1b_Borrower_2">
    <WIDGETS>
      <WIDGET page_index="4" left="327.665" bottom="526.895" width="120.707977" height="30.0310059" rotation="0" />
    </WIDGETS>
  </FIELD>
  <FIELD name="SIG_DATE_P1b_Borrower_2">
    <WIDGETS>
      <WIDGET page_index="4" left="526.036" bottom="539.203" width="59.9299927" height="11.1079712" rotation="0" />
    </WIDGETS>
  </FIELD>
  <!--DOCUSIGN-->
  <FIELD type="SignatureMetaField" signature_field_name="PAD_P1b_Borrower_2" name="P1b_Borrower_2" role="RecipientIndex" docusign_x_offset="0" docusign_y_offset="0" />
  <FIELD type="SignatureMetaField" signature_field_name="PAD_P1b_Borrower_2" name="P1b_Borrower_2_Initials" role="IsInitials" value="N" />
  <FIELD type="SignatureMetaField" signature_field_name="SIG_DATE_P1b_Borrower_2" name="P1b_Borrower_2_DateOffsets" role="DateOffset" docusign_date_x_offset="0" docusign_date_y_offset="0" />
  <FIELD type="SignatureMetaField" signature_field_name="PAD_P1b_Borrower_2" name="P1b_Borrower_2_Optional" role="IsOptional" value="N" />
  <!--~~~~~~~~~~~~~~~~~~~~~~~~~~~~~~~~~~~~~~~~~~~~~~~~~~~~~~~~~~~~~~~~~~~~~~~~~~~~~~~~~~~~~~~~~~~~~-->
  <!---->
  <!--~~~~~~~~~~~~~~~~~~~~~~~~~~~~~~~~~~~~~~~~~~~~~~~~~~~~~~~~~~~~~~~~~~~~~~~~~~~~~~~~~~~~~~~~~~~~~-->
  <!--TARGET APPLICANT NAME-->
  <FIELD name="XML_P1c_OtherBorrower_OwnerOfProperty_Witness_1">
    <WIDGETS>
      <WIDGET page_index="4" left="22.795" bottom="433.245" width="272.766" height="10.0700073" rotation="0" />
    </WIDGETS>
  </FIELD>
  <!--SIG_PAD-->
  <FIELD name="PAD_P1c_OtherBorrower_OwnerOfProperty_Witness_1">
    <WIDGETS>
      <WIDGET page_index="4" left="37.3665" bottom="469.596" width="120.707504" height="30.0299988" rotation="0" />
    </WIDGETS>
  </FIELD>
  <FIELD name="SIG_DATE_P1c_OtherBorrower_OwnerOfProperty_Witness_1">
    <WIDGETS>
      <WIDGET page_index="4" left="237.465" bottom="483.045" width="59.9299927" height="11.1069946" rotation="0" />
    </WIDGETS>
  </FIELD>
  <!--DOCUSIGN-->
  <FIELD type="SignatureMetaField" signature_field_name="PAD_P1c_OtherBorrower_OwnerOfProperty_Witness_1" name="P1c_OtherBorrower_OwnerOfProperty_Witness_1" role="RecipientIndex" docusign_x_offset="0" docusign_y_offset="0" />
  <FIELD type="SignatureMetaField" signature_field_name="PAD_P1c_OtherBorrower_OwnerOfProperty_Witness_1" name="P1c_OtherBorrower_OwnerOfProperty_Witness_1_Initials" role="IsInitials" value="N" />
  <FIELD type="SignatureMetaField" signature_field_name="SIG_DATE_P1c_OtherBorrower_OwnerOfProperty_Witness_1" name="P1c_OtherBorrower_OwnerOfProperty_Witness_1_DateOffsets" role="DateOffset" docusign_date_x_offset="0" docusign_date_y_offset="0" />
  <FIELD type="SignatureMetaField" signature_field_name="PAD_P1c_OtherBorrower_OwnerOfProperty_Witness_1" name="P1c_OtherBorrower_OwnerOfProperty_Witness_1_Optional" role="IsOptional" value="N" />
  <!--~~~~~~~~~~~~~~~~~~~~~~~~~~~~~~~~~~~~~~~~~~~~~~~~~~~~~~~~~~~~~~~~~~~~~~~~~~~~~~~~~~~~~~~~~~~~~-->
  <!---->
  <!--~~~~~~~~~~~~~~~~~~~~~~~~~~~~~~~~~~~~~~~~~~~~~~~~~~~~~~~~~~~~~~~~~~~~~~~~~~~~~~~~~~~~~~~~~~~~~-->
  <!--TARGET APPLICANT NAME-->
  <FIELD name="XML_P1d_OtherBorrower_OwnerOfProperty_Witness_2">
    <WIDGETS>
      <WIDGET page_index="4" left="328.321" bottom="433.998" width="231.856964" height="10.0700073" rotation="0" />
    </WIDGETS>
  </FIELD>
  <!--SIG_PAD-->
  <FIELD name="PAD_P1d_OtherBorrower_OwnerOfProperty_Witness_2">
    <WIDGETS>
      <WIDGET page_index="4" left="327.843" bottom="470.454" width="120.708008" height="30.0299988" rotation="0" />
    </WIDGETS>
  </FIELD>
  <FIELD name="SIG_DATE_P1d_OtherBorrower_OwnerOfProperty_Witness_2">
    <WIDGETS>
      <WIDGET page_index="4" left="528.347" bottom="481.001" width="59.9299927" height="11.1069946" rotation="0" />
    </WIDGETS>
  </FIELD>
  <!--DOCUSIGN-->
  <FIELD type="SignatureMetaField" signature_field_name="PAD_P1d_OtherBorrower_OwnerOfProperty_Witness_2" name="P1d_OtherBorrower_OwnerOfProperty_Witness_2" role="RecipientIndex" docusign_x_offset="0" docusign_y_offset="0" />
  <FIELD type="SignatureMetaField" signature_field_name="PAD_P1d_OtherBorrower_OwnerOfProperty_Witness_2" name="P1d_OtherBorrower_OwnerOfProperty_Witness_2_Initials" role="IsInitials" value="N" />
  <FIELD type="SignatureMetaField" signature_field_name="SIG_DATE_P1d_OtherBorrower_OwnerOfProperty_Witness_2" name="P1d_OtherBorrower_OwnerOfProperty_Witness_2_DateOffsets" role="DateOffset" docusign_date_x_offset="0" docusign_date_y_offset="0" />
  <FIELD type="SignatureMetaField" signature_field_name="PAD_P1d_OtherBorrower_OwnerOfProperty_Witness_2" name="P1d_OtherBorrower_OwnerOfProperty_Witness_2_Optional" role="IsOptional" value="N" />
  <!--~~~~~~~~~~~~~~~~~~~~~~~~~~~~~~~~~~~~~~~~~~~~~~~~~~~~~~~~~~~~~~~~~~~~~~~~~~~~~~~~~~~~~~~~~~~~~-->
  <!---->
  <!--~~~~~~~~~~~~~~~~~~~~~~~~~~~~~~~~~~~~~~~~~~~~~~~~~~~~~~~~~~~~~~~~~~~~~~~~~~~~~~~~~~~~~~~~~~~~~-->
</ADDITIONAL_FIELDS>