<ADDITIONAL_FIELDS>
  <!--~~~~~~~~~~~~~~~~~~~~~~~~~~~~~~~~~~~~~~~~~~~~~~~~~~~~~~~~~~~~~~~~~~~~~~~~~~~~~~~~~~~~~~~~~~~~~-->
  <!---->
  <!--~~~~~~~~~~~~~~~~~~~~~~~~~~~~~~~~~~~~~~~~~~~~~~~~~~~~~~~~~~~~~~~~~~~~~~~~~~~~~~~~~~~~~~~~~~~~~-->
  <!--TARGET APPLICANT NAME-->
  <FIELD name="XML_P1a_Applicant_1">
    <WIDGETS>
      <WIDGET page_index="0" left="458.763" bottom="511.674" width="109.785" height="10.0700000000001" rotation="0" />
    </WIDGETS>
  </FIELD>
  <!--SIG_PAD-->
  <FIELD name="PAD_P1a_Applicant_1">
    <WIDGETS>
      <WIDGET page_index="0" left="387.187" bottom="521.918" width="84.521" height="21.028" rotation="0" />
    </WIDGETS>
  </FIELD>
  <FIELD name="SIG_DATE_P1a_Applicant_1">
    <WIDGETS>
      <WIDGET page_index="0" left="529.774" bottom="522.424" width="58.682" height="10.0700000000001" rotation="0" />
    </WIDGETS>
  </FIELD>
  <!--DOCUSIGN-->
  <FIELD type="SignatureMetaField" signature_field_name="PAD_P1a_Applicant_1" name="P1a_Applicant_1" role="RecipientIndex" docusign_x_offset="0" docusign_y_offset="-6" />
  <FIELD type="SignatureMetaField" signature_field_name="PAD_P1a_Applicant_1" name="P1a_Applicant_1_Initials" role="IsInitials" value="N" />
  <FIELD type="SignatureMetaField" signature_field_name="PAD_P1a_Applicant_1" name="P1a_Applicant_1_DateOffsets" role="DateOffset" docusign_date_x_offset="0" docusign_date_y_offset="0" />
  <FIELD type="SignatureMetaField" signature_field_name="PAD_P1a_Applicant_1" name="P1a_Applicant_1_Optional" role="IsOptional" value="N" />
  <!--~~~~~~~~~~~~~~~~~~~~~~~~~~~~~~~~~~~~~~~~~~~~~~~~~~~~~~~~~~~~~~~~~~~~~~~~~~~~~~~~~~~~~~~~~~~~~-->
  <!---->
  <!--~~~~~~~~~~~~~~~~~~~~~~~~~~~~~~~~~~~~~~~~~~~~~~~~~~~~~~~~~~~~~~~~~~~~~~~~~~~~~~~~~~~~~~~~~~~~~-->
  <!--TARGET APPLICANT NAME-->
  <FIELD name="XML_P1b_Applicant_2">
    <WIDGETS>
      <WIDGET page_index="0" left="460.622" bottom="482.474" width="109.785" height="10.07" rotation="0" />
    </WIDGETS>
  </FIELD>
  <!--SIG_PAD-->
  <FIELD name="PAD_P1b_Applicant_2">
    <WIDGETS>
      <WIDGET page_index="0" left="389.046" bottom="492.718" width="84.521" height="21.028" rotation="0" />
    </WIDGETS>
  </FIELD>
  <FIELD name="SIG_DATE_P1b_Applicant_2">
    <WIDGETS>
      <WIDGET page_index="0" left="531.632" bottom="493.224" width="58.682" height="10.07" rotation="0" />
    </WIDGETS>
  </FIELD>
  <!--DOCUSIGN-->
  <FIELD type="SignatureMetaField" signature_field_name="PAD_P1b_Applicant_2" name="P1b_Applicant_2" role="RecipientIndex" docusign_x_offset="0" docusign_y_offset="-6" />
  <FIELD type="SignatureMetaField" signature_field_name="PAD_P1b_Applicant_2" name="P1b_Applicant_2_Initials" role="IsInitials" value="N" />
  <FIELD type="SignatureMetaField" signature_field_name="PAD_P1b_Applicant_2" name="P1b_Applicant_2_DateOffsets" role="DateOffset" docusign_date_x_offset="0" docusign_date_y_offset="0" />
  <FIELD type="SignatureMetaField" signature_field_name="PAD_P1b_Applicant_2" name="P1b_Applicant_2_Optional" role="IsOptional" value="N" />
  <!--~~~~~~~~~~~~~~~~~~~~~~~~~~~~~~~~~~~~~~~~~~~~~~~~~~~~~~~~~~~~~~~~~~~~~~~~~~~~~~~~~~~~~~~~~~~~~-->
  <!---->
  <!--~~~~~~~~~~~~~~~~~~~~~~~~~~~~~~~~~~~~~~~~~~~~~~~~~~~~~~~~~~~~~~~~~~~~~~~~~~~~~~~~~~~~~~~~~~~~~-->
  <!--TARGET APPLICANT NAME-->
  <FIELD name="XML_P1c_Applicant_3">
    <WIDGETS>
      <WIDGET page_index="0" left="459.64" bottom="451.383" width="109.785" height="10.07" rotation="0" />
    </WIDGETS>
  </FIELD>
  <!--SIG_PAD-->
  <FIELD name="PAD_P1c_Applicant_3">
    <WIDGETS>
      <WIDGET page_index="0" left="388.064" bottom="461.627" width="84.521" height="21.028" rotation="0" />
    </WIDGETS>
  </FIELD>
  <FIELD name="SIG_DATE_P1c_Applicant_3">
    <WIDGETS>
      <WIDGET page_index="0" left="530.65" bottom="462.133" width="58.682" height="10.07" rotation="0" />
    </WIDGETS>
  </FIELD>
  <!--DOCUSIGN-->
  <FIELD type="SignatureMetaField" signature_field_name="PAD_P1c_Applicant_3" name="P1c_Applicant_3" role="RecipientIndex" docusign_x_offset="0" docusign_y_offset="-6" />
  <FIELD type="SignatureMetaField" signature_field_name="PAD_P1c_Applicant_3" name="P1c_Applicant_3_Initials" role="IsInitials" value="N" />
  <FIELD type="SignatureMetaField" signature_field_name="PAD_P1c_Applicant_3" name="P1c_Applicant_3_DateOffsets" role="DateOffset" docusign_date_x_offset="0" docusign_date_y_offset="0" />
  <FIELD type="SignatureMetaField" signature_field_name="PAD_P1c_Applicant_3" name="P1c_Applicant_3_Optional" role="IsOptional" value="N" />
  <!--~~~~~~~~~~~~~~~~~~~~~~~~~~~~~~~~~~~~~~~~~~~~~~~~~~~~~~~~~~~~~~~~~~~~~~~~~~~~~~~~~~~~~~~~~~~~~-->
  <!---->
  <!--~~~~~~~~~~~~~~~~~~~~~~~~~~~~~~~~~~~~~~~~~~~~~~~~~~~~~~~~~~~~~~~~~~~~~~~~~~~~~~~~~~~~~~~~~~~~~-->
  <!--TARGET APPLICANT NAME-->
  <FIELD name="XML_P1d_Applicant_4">
    <WIDGETS>
      <WIDGET page_index="0" left="458.986" bottom="423.565" width="109.785" height="10.07" rotation="0" />
    </WIDGETS>
  </FIELD>
  <!--SIG_PAD-->
  <FIELD name="PAD_P1d_Applicant_4">
    <WIDGETS>
      <WIDGET page_index="0" left="387.409" bottom="433.809" width="84.521" height="21.028" rotation="0" />
    </WIDGETS>
  </FIELD>
  <FIELD name="SIG_DATE_P1d_Applicant_4">
    <WIDGETS>
      <WIDGET page_index="0" left="529.996" bottom="434.315" width="58.682" height="10.07" rotation="0" />
    </WIDGETS>
  </FIELD>
  <!--DOCUSIGN-->
  <FIELD type="SignatureMetaField" signature_field_name="PAD_P1d_Applicant_4" name="P1d_Applicant_4" role="RecipientIndex" docusign_x_offset="0" docusign_y_offset="-6" />
  <FIELD type="SignatureMetaField" signature_field_name="PAD_P1d_Applicant_4" name="P1d_Applicant_4_Initials" role="IsInitials" value="N" />
  <FIELD type="SignatureMetaField" signature_field_name="PAD_P1d_Applicant_4" name="P1d_Applicant_4_DateOffsets" role="DateOffset" docusign_date_x_offset="0" docusign_date_y_offset="0" />
  <FIELD type="SignatureMetaField" signature_field_name="PAD_P1d_Applicant_4" name="P1d_Applicant_4_Optional" role="IsOptional" value="N" />
  <!--~~~~~~~~~~~~~~~~~~~~~~~~~~~~~~~~~~~~~~~~~~~~~~~~~~~~~~~~~~~~~~~~~~~~~~~~~~~~~~~~~~~~~~~~~~~~~-->
  <!---->
  <!--~~~~~~~~~~~~~~~~~~~~~~~~~~~~~~~~~~~~~~~~~~~~~~~~~~~~~~~~~~~~~~~~~~~~~~~~~~~~~~~~~~~~~~~~~~~~~-->
</ADDITIONAL_FIELDS>