<ADDITIONAL_FIELDS>
  <!--~~~~~~~~~~~~~~~~~~~~~~~~~~~~~~~~~~~~~~~~~~~~~~~~~~~~~~~~~~~~~~~~~~~~~~~~~~~~~~~~~~~~~~~~~~~~~-->
  <!---->
  <!--~~~~~~~~~~~~~~~~~~~~~~~~~~~~~~~~~~~~~~~~~~~~~~~~~~~~~~~~~~~~~~~~~~~~~~~~~~~~~~~~~~~~~~~~~~~~~-->
  <!--TARGET APPLICANT NAME-->
  <FIELD name="XML_P2a_Trustee_1">
    <WIDGETS>
      <WIDGET page_index="1" left="104.066" bottom="138.293" width="171.422" height="10.07" rotation="0" />
    </WIDGETS>
  </FIELD>
  <!--SIG_PAD-->
  <FIELD name="PAD_P2a_Trustee_1">
    <WIDGETS>
      <WIDGET page_index="1" left="32.042" bottom="148.884" width="84.52" height="21.028" rotation="0" />
    </WIDGETS>
  </FIELD>
  <FIELD name="SIG_DATE_P2a_Trustee_1">
    <WIDGETS>
      <WIDGET page_index="1" left="245.637" bottom="148.733" width="58.348" height="10.07" rotation="0" />
    </WIDGETS>
  </FIELD>
  <!--DOCUSIGN-->
  <FIELD type="SignatureMetaField" signature_field_name="PAD_P2a_Trustee_1" name="P2a_Trustee_1" role="RecipientIndex" docusign_x_offset="0" docusign_y_offset="-6" />
  <FIELD type="SignatureMetaField" signature_field_name="PAD_P2a_Trustee_1" name="P2a_Trustee_1_Initials" role="IsInitials" value="N" />
  <FIELD type="SignatureMetaField" signature_field_name="PAD_P2a_Trustee_1" name="P2a_Trustee_1_DateOffsets" role="DateOffset" docusign_date_x_offset="0" docusign_date_y_offset="0" />
  <FIELD type="SignatureMetaField" signature_field_name="PAD_P2a_Trustee_1" name="P2a_Trustee_1_Optional" role="IsOptional" value="N" />
  <!--~~~~~~~~~~~~~~~~~~~~~~~~~~~~~~~~~~~~~~~~~~~~~~~~~~~~~~~~~~~~~~~~~~~~~~~~~~~~~~~~~~~~~~~~~~~~~-->
  <!---->
  <!--~~~~~~~~~~~~~~~~~~~~~~~~~~~~~~~~~~~~~~~~~~~~~~~~~~~~~~~~~~~~~~~~~~~~~~~~~~~~~~~~~~~~~~~~~~~~~-->
  <!--TARGET APPLICANT NAME-->
  <FIELD name="XML_P2b_Trustee_2">
    <WIDGETS>
      <WIDGET page_index="1" left="405.437" bottom="139.395" width="152.766" height="10.07" rotation="0" />
    </WIDGETS>
  </FIELD>
  <!--SIG_PAD-->
  <FIELD name="PAD_P2b_Trustee_2">
    <WIDGETS>
      <WIDGET page_index="1" left="333.412" bottom="148.986" width="84.521" height="21.028" rotation="0" />
    </WIDGETS>
  </FIELD>
  <FIELD name="SIG_DATE_P2b_Trustee_2">
    <WIDGETS>
      <WIDGET page_index="1" left="525.008" bottom="149.835" width="58.348" height="10.07" rotation="0" />
    </WIDGETS>
  </FIELD>
  <!--DOCUSIGN-->
  <FIELD type="SignatureMetaField" signature_field_name="PAD_P2b_Trustee_2" name="P2b_Trustee_2" role="RecipientIndex" docusign_x_offset="0" docusign_y_offset="-6" />
  <FIELD type="SignatureMetaField" signature_field_name="PAD_P2b_Trustee_2" name="P2b_Trustee_2_Initials" role="IsInitials" value="N" />
  <FIELD type="SignatureMetaField" signature_field_name="PAD_P2b_Trustee_2" name="P2b_Trustee_2_DateOffsets" role="DateOffset" docusign_date_x_offset="0" docusign_date_y_offset="0" />
  <FIELD type="SignatureMetaField" signature_field_name="PAD_P2b_Trustee_2" name="P2b_Trustee_2_Optional" role="IsOptional" value="N" />
  <!--~~~~~~~~~~~~~~~~~~~~~~~~~~~~~~~~~~~~~~~~~~~~~~~~~~~~~~~~~~~~~~~~~~~~~~~~~~~~~~~~~~~~~~~~~~~~~-->
  <!---->
  <!--~~~~~~~~~~~~~~~~~~~~~~~~~~~~~~~~~~~~~~~~~~~~~~~~~~~~~~~~~~~~~~~~~~~~~~~~~~~~~~~~~~~~~~~~~~~~~-->
</ADDITIONAL_FIELDS>