<ADDITIONAL_FIELDS>
  <!--~~~~~~~~~~~~~~~~~~~~~~~~~~~~~~~~~~~~~~~~~~~~~~~~~~~~~~~~~~~~~~~~~~~~~~~~~~~~~~~~~~~~~~~~~~~~~-->
  <!---->
  <!--~~~~~~~~~~~~~~~~~~~~~~~~~~~~~~~~~~~~~~~~~~~~~~~~~~~~~~~~~~~~~~~~~~~~~~~~~~~~~~~~~~~~~~~~~~~~~-->
  <!--TARGET APPLICANT NAME-->
  <!--SIG_PAD-->
  <FIELD name="PAD_P2a_Authorization_New_Membership_1">
    <WIDGETS>
      <WIDGET page_index="1" left="53.7452" bottom="253.618" width="72.9557953" height="18.2389984" rotation="0" />
    </WIDGETS>
  </FIELD>
  <FIELD name="SIG_DATE_P2a_Authorization_New_Membership_1">
    <WIDGETS>
      <WIDGET page_index="1" left="227.745" bottom="261.857" width="58" height="11" rotation="0" />
    </WIDGETS>
  </FIELD>
  <!--DOCUSIGN-->
  <FIELD type="SignatureMetaField" signature_field_name="PAD_P2a_Authorization_New_Membership_1" name="P2a_Authorization_New_Membership_1" role="RecipientIndex" docusign_x_offset="0" docusign_y_offset="0" />
  <FIELD type="SignatureMetaField" signature_field_name="PAD_P2a_Authorization_New_Membership_1" name="P2a_Authorization_New_Membership_1_Initials" role="IsInitials" value="N" />
  <FIELD type="SignatureMetaField" signature_field_name="SIG_DATE_P2a_Authorization_New_Membership_1" name="P2a_Authorization_New_Membership_1_DateOffsets" role="DateOffset" docusign_date_x_offset="0" docusign_date_y_offset="0" />
  <FIELD type="SignatureMetaField" signature_field_name="PAD_P2a_Authorization_New_Membership_1" name="P2a_Authorization_New_Membership_1_Optional" role="IsOptional" value="N" />
  <!--~~~~~~~~~~~~~~~~~~~~~~~~~~~~~~~~~~~~~~~~~~~~~~~~~~~~~~~~~~~~~~~~~~~~~~~~~~~~~~~~~~~~~~~~~~~~~-->
  <!---->
  <!--~~~~~~~~~~~~~~~~~~~~~~~~~~~~~~~~~~~~~~~~~~~~~~~~~~~~~~~~~~~~~~~~~~~~~~~~~~~~~~~~~~~~~~~~~~~~~-->
  <!--TARGET APPLICANT NAME-->
  <!--SIG_PAD-->
  <FIELD name="PAD_P2b_Authorization_New_Membership_2">
    <WIDGETS>
      <WIDGET page_index="1" left="331.835" bottom="252.682" width="72.95599" height="18.2389832" rotation="0" />
    </WIDGETS>
  </FIELD>
  <FIELD name="SIG_DATE_P2b_Authorization_New_Membership_2">
    <WIDGETS>
      <WIDGET page_index="1" left="503.835" bottom="259.921" width="58.00003" height="10" rotation="0" />
    </WIDGETS>
  </FIELD>
  <!--DOCUSIGN-->
  <FIELD type="SignatureMetaField" signature_field_name="PAD_P2b_Authorization_New_Membership_2" name="P2b_Authorization_New_Membership_2" role="RecipientIndex" docusign_x_offset="0" docusign_y_offset="0" />
  <FIELD type="SignatureMetaField" signature_field_name="PAD_P2b_Authorization_New_Membership_2" name="P2b_Authorization_New_Membership_2_Initials" role="IsInitials" value="N" />
  <FIELD type="SignatureMetaField" signature_field_name="SIG_DATE_P2b_Authorization_New_Membership_2" name="P2b_Authorization_New_Membership_2_DateOffsets" role="DateOffset" docusign_date_x_offset="0" docusign_date_y_offset="0" />
  <FIELD type="SignatureMetaField" signature_field_name="PAD_P2b_Authorization_New_Membership_2" name="P2b_Authorization_New_Membership_2_Optional" role="IsOptional" value="N" />
  <!--~~~~~~~~~~~~~~~~~~~~~~~~~~~~~~~~~~~~~~~~~~~~~~~~~~~~~~~~~~~~~~~~~~~~~~~~~~~~~~~~~~~~~~~~~~~~~-->
  <!---->
  <!--~~~~~~~~~~~~~~~~~~~~~~~~~~~~~~~~~~~~~~~~~~~~~~~~~~~~~~~~~~~~~~~~~~~~~~~~~~~~~~~~~~~~~~~~~~~~~-->
  <!--TARGET APPLICANT NAME-->
  <!--SIG_PAD-->
  <FIELD name="PAD_P2c_Authorization_New_Membership_3">
    <WIDGETS>
      <WIDGET page_index="1" left="53.7452" bottom="194.618" width="72.9557953" height="18.2389984" rotation="0" />
    </WIDGETS>
  </FIELD>
  <FIELD name="SIG_DATE_P2c_Authorization_New_Membership_3">
    <WIDGETS>
      <WIDGET page_index="1" left="227.745" bottom="201.857" width="58" height="10" rotation="0" />
    </WIDGETS>
  </FIELD>
  <!--DOCUSIGN-->
  <FIELD type="SignatureMetaField" signature_field_name="PAD_P2c_Authorization_New_Membership_3" name="P2c_Authorization_New_Membership_3" role="RecipientIndex" docusign_x_offset="0" docusign_y_offset="0" />
  <FIELD type="SignatureMetaField" signature_field_name="PAD_P2c_Authorization_New_Membership_3" name="P2c_Authorization_New_Membership_3_Initials" role="IsInitials" value="N" />
  <FIELD type="SignatureMetaField" signature_field_name="SIG_DATE_P2c_Authorization_New_Membership_3" name="P2c_Authorization_New_Membership_3_DateOffsets" role="DateOffset" docusign_date_x_offset="0" docusign_date_y_offset="0" />
  <FIELD type="SignatureMetaField" signature_field_name="PAD_P2c_Authorization_New_Membership_3" name="P2c_Authorization_New_Membership_3_Optional" role="IsOptional" value="N" />
  <!--~~~~~~~~~~~~~~~~~~~~~~~~~~~~~~~~~~~~~~~~~~~~~~~~~~~~~~~~~~~~~~~~~~~~~~~~~~~~~~~~~~~~~~~~~~~~~-->
  <!---->
  <!--~~~~~~~~~~~~~~~~~~~~~~~~~~~~~~~~~~~~~~~~~~~~~~~~~~~~~~~~~~~~~~~~~~~~~~~~~~~~~~~~~~~~~~~~~~~~~-->
  <!--TARGET APPLICANT NAME-->
  <!--SIG_PAD-->
  <FIELD name="PAD_P2d_Authorization_New_Membership_4">
    <WIDGETS>
      <WIDGET page_index="1" left="331.835" bottom="194.682" width="72.95599" height="18.2389984" rotation="0" />
    </WIDGETS>
  </FIELD>
  <FIELD name="SIG_DATE_P2d_Authorization_New_Membership_4">
    <WIDGETS>
      <WIDGET page_index="1" left="503.835" bottom="200.921" width="58.00003" height="10" rotation="0" />
    </WIDGETS>
  </FIELD>
  <!--DOCUSIGN-->
  <FIELD type="SignatureMetaField" signature_field_name="PAD_P2d_Authorization_New_Membership_4" name="P2d_Authorization_New_Membership_4" role="RecipientIndex" docusign_x_offset="0" docusign_y_offset="0" />
  <FIELD type="SignatureMetaField" signature_field_name="PAD_P2d_Authorization_New_Membership_4" name="P2d_Authorization_New_Membership_4_Initials" role="IsInitials" value="N" />
  <FIELD type="SignatureMetaField" signature_field_name="SIG_DATE_P2d_Authorization_New_Membership_4" name="P2d_Authorization_New_Membership_4_DateOffsets" role="DateOffset" docusign_date_x_offset="0" docusign_date_y_offset="0" />
  <FIELD type="SignatureMetaField" signature_field_name="PAD_P2d_Authorization_New_Membership_4" name="P2d_Authorization_New_Membership_4_Optional" role="IsOptional" value="N" />
  <!--~~~~~~~~~~~~~~~~~~~~~~~~~~~~~~~~~~~~~~~~~~~~~~~~~~~~~~~~~~~~~~~~~~~~~~~~~~~~~~~~~~~~~~~~~~~~~-->
  <!---->
  <!--~~~~~~~~~~~~~~~~~~~~~~~~~~~~~~~~~~~~~~~~~~~~~~~~~~~~~~~~~~~~~~~~~~~~~~~~~~~~~~~~~~~~~~~~~~~~~-->
  <!--TARGET APPLICANT NAME-->
  <!--SIG_PAD-->
  <FIELD name="PAD_P4a_Certification">
    <WIDGETS>
      <WIDGET page_index="3" left="56.6313" bottom="79.4167" width="72.9566956" height="18.2389984" rotation="0" />
    </WIDGETS>
  </FIELD>
  <FIELD name="SIG_DATE_P4a_Certification">
    <WIDGETS>
      <WIDGET page_index="3" left="237.95" bottom="88.0593" width="58.0000153" height="11" rotation="0" />
    </WIDGETS>
  </FIELD>
  <!--DOCUSIGN-->
  <FIELD type="SignatureMetaField" signature_field_name="PAD_P4a_Certification" name="P4a_Certification" role="RecipientIndex" docusign_x_offset="0" docusign_y_offset="0" />
  <FIELD type="SignatureMetaField" signature_field_name="PAD_P4a_Certification" name="P4a_Certification_Initials" role="IsInitials" value="N" />
  <FIELD type="SignatureMetaField" signature_field_name="SIG_DATE_P4a_Certification" name="P4a_Certification_DateOffsets" role="DateOffset" docusign_date_x_offset="0" docusign_date_y_offset="0" />
  <FIELD type="SignatureMetaField" signature_field_name="PAD_P4a_Certification" name="P4a_Certification_Optional" role="IsOptional" value="N" />
  <!--~~~~~~~~~~~~~~~~~~~~~~~~~~~~~~~~~~~~~~~~~~~~~~~~~~~~~~~~~~~~~~~~~~~~~~~~~~~~~~~~~~~~~~~~~~~~~-->
  <!---->
  <!--~~~~~~~~~~~~~~~~~~~~~~~~~~~~~~~~~~~~~~~~~~~~~~~~~~~~~~~~~~~~~~~~~~~~~~~~~~~~~~~~~~~~~~~~~~~~~-->
</ADDITIONAL_FIELDS>