<ADDITIONAL_FIELDS>
  <!--~~~~~~~~~~~~~~~~~~~~~~~~~~~~~~~~~~~~~~~~~~~~~~~~~~~~~~~~~~~~~~~~~~~~~~~~~~~~~~~~~~~~~~~~~~~~~-->
  <!---->
  <!--~~~~~~~~~~~~~~~~~~~~~~~~~~~~~~~~~~~~~~~~~~~~~~~~~~~~~~~~~~~~~~~~~~~~~~~~~~~~~~~~~~~~~~~~~~~~~-->
  <!--TARGET APPLICANT NAME-->
  <FIELD name="XML_P1a_Member">
    <WIDGETS>
      <WIDGET page_index="0" left="310.721" bottom="141.019" width="198.695" height="12.074" rotation="0" />
    </WIDGETS>
  </FIELD>
  <!--SIG_PAD-->
  <FIELD name="PAD_P1a_Member">
    <WIDGETS>
      <WIDGET page_index="0" left="46.0153" bottom="141.019" width="70.9977" height="17.664" rotation="0" />
    </WIDGETS>
  </FIELD>
  <FIELD name="SIG_DATE_P1a_Member">
    <WIDGETS>
      <WIDGET page_index="0" left="248.326" bottom="141.019" width="57.231" height="12.074" rotation="0" />
    </WIDGETS>
  </FIELD>
  <!--DOCUSIGN-->
  <FIELD type="SignatureMetaField" signature_field_name="PAD_P1a_Member" name="P1a_Member" role="RecipientIndex" docusign_x_offset="0" docusign_y_offset="0" />
  <FIELD type="SignatureMetaField" signature_field_name="PAD_P1a_Member" name="P1a_Member_Initials" role="IsInitials" value="N" />
  <FIELD type="SignatureMetaField" signature_field_name="PAD_P1a_Member" name="P1a_Member_DateOffsets" role="DateOffset" docusign_date_x_offset="0" docusign_date_y_offset="0" />
  <!--~~~~~~~~~~~~~~~~~~~~~~~~~~~~~~~~~~~~~~~~~~~~~~~~~~~~~~~~~~~~~~~~~~~~~~~~~~~~~~~~~~~~~~~~~~~~~-->
  <!---->
  <!--~~~~~~~~~~~~~~~~~~~~~~~~~~~~~~~~~~~~~~~~~~~~~~~~~~~~~~~~~~~~~~~~~~~~~~~~~~~~~~~~~~~~~~~~~~~~~-->
  <!--SIG_PAD-->
  <FIELD name="PAD_P1b_CUEmployee">
    <WIDGETS>
      <WIDGET page_index="0" left="44.7749" bottom="51.8746" width="84.5211" height="21.028" rotation="0" />
    </WIDGETS>
  </FIELD>
  <FIELD name="SIG_DATE_P1b_CUEmployee">
    <WIDGETS>
      <WIDGET page_index="0" left="254.722" bottom="51.8746" width="57.231" height="12.074" rotation="0" />
    </WIDGETS>
  </FIELD>
  <!--DOCUSIGN-->
  <FIELD type="SignatureMetaField" signature_field_name="PAD_P1b_CUEmployee" name="P1b_CUEmployee" role="RecipientIndex" docusign_x_offset="0" docusign_y_offset="0" />
  <FIELD type="SignatureMetaField" signature_field_name="PAD_P1b_CUEmployee" name="P1b_CUEmployee_Initials" role="IsInitials" value="N" />
  <FIELD type="SignatureMetaField" signature_field_name="PAD_P1b_CUEmployee" name="P1b_CUEmployee_DateOffsets" role="DateOffset" docusign_date_x_offset="0" docusign_date_y_offset="0" />
  <!--~~~~~~~~~~~~~~~~~~~~~~~~~~~~~~~~~~~~~~~~~~~~~~~~~~~~~~~~~~~~~~~~~~~~~~~~~~~~~~~~~~~~~~~~~~~~~-->
  <!---->
  <!--~~~~~~~~~~~~~~~~~~~~~~~~~~~~~~~~~~~~~~~~~~~~~~~~~~~~~~~~~~~~~~~~~~~~~~~~~~~~~~~~~~~~~~~~~~~~~-->
</ADDITIONAL_FIELDS>