<ADDITIONAL_FIELDS>
  <!--~~~~~~~~~~~~~~~~~~~~~~~~~~~~~~~~~~~~~~~~~~~~~~~~~~~~~~~~~~~~~~~~~~~~~~~~~~~~~~~~~~~~~~~~~~~~~-->
  <!---->
  <!--~~~~~~~~~~~~~~~~~~~~~~~~~~~~~~~~~~~~~~~~~~~~~~~~~~~~~~~~~~~~~~~~~~~~~~~~~~~~~~~~~~~~~~~~~~~~~-->
  <!--TARGET APPLICANT NAME-->
  <FIELD name="XML_P1a_Owner">
    <WIDGETS>
      <WIDGET page_index="0" left="113.909" bottom="302.59" width="198.694" height="12.074" rotation="0" />
    </WIDGETS>
  </FIELD>
  <!--SIG_PAD-->
  <FIELD name="PAD_P1a_Owner">
    <WIDGETS>
      <WIDGET page_index="0" left="31.4074" bottom="314.853" width="84.5206" height="21.028" rotation="0" />
    </WIDGETS>
  </FIELD>
  <FIELD name="SIG_DATE_P1a_Owner">
    <WIDGETS>
      <WIDGET page_index="0" left="209.416" bottom="315.339" width="95.071" height="12.074" rotation="0" />
    </WIDGETS>
  </FIELD>
  <!--DOCUSIGN-->
  <FIELD type="SignatureMetaField" signature_field_name="PAD_P1a_Owner" name="P1a_Owner" role="RecipientIndex" docusign_x_offset="0" docusign_y_offset="-6" />
  <FIELD type="SignatureMetaField" signature_field_name="PAD_P1a_Owner" name="P1a_Owner_Initials" role="IsInitials" value="N" />
  <FIELD type="SignatureMetaField" signature_field_name="PAD_P1a_Owner" name="P1a_Owner_DateOffsets" role="DateOffset" docusign_date_x_offset="0" docusign_date_y_offset="0" />
  <!--~~~~~~~~~~~~~~~~~~~~~~~~~~~~~~~~~~~~~~~~~~~~~~~~~~~~~~~~~~~~~~~~~~~~~~~~~~~~~~~~~~~~~~~~~~~~~-->
  <!---->
  <!--~~~~~~~~~~~~~~~~~~~~~~~~~~~~~~~~~~~~~~~~~~~~~~~~~~~~~~~~~~~~~~~~~~~~~~~~~~~~~~~~~~~~~~~~~~~~~-->
  <!--TARGET APPLICANT NAME-->
  <FIELD name="XML_P1b_Joint_1">
    <WIDGETS>
      <WIDGET page_index="0" left="113.909" bottom="276.242" width="198.694" height="12.074" rotation="0" />
    </WIDGETS>
  </FIELD>
  <!--SIG_PAD-->
  <FIELD name="PAD_P1b_Joint_1">
    <WIDGETS>
      <WIDGET page_index="0" left="31.4069" bottom="288.505" width="84.5211" height="21.028" rotation="0" />
    </WIDGETS>
  </FIELD>
  <FIELD name="SIG_DATE_P1b_Joint_1">
    <WIDGETS>
      <WIDGET page_index="0" left="209.416" bottom="288.991" width="95.071" height="12.074" rotation="0" />
    </WIDGETS>
  </FIELD>
  <!--DOCUSIGN-->
  <FIELD type="SignatureMetaField" signature_field_name="PAD_P1b_Joint_1" name="P1b_Joint_1" role="RecipientIndex" docusign_x_offset="0" docusign_y_offset="-6" />
  <FIELD type="SignatureMetaField" signature_field_name="PAD_P1b_Joint_1" name="P1b_Joint_1_Initials" role="IsInitials" value="N" />
  <FIELD type="SignatureMetaField" signature_field_name="PAD_P1b_Joint_1" name="P1b_Joint_1_DateOffsets" role="DateOffset" docusign_date_x_offset="0" docusign_date_y_offset="0" />
  <!--~~~~~~~~~~~~~~~~~~~~~~~~~~~~~~~~~~~~~~~~~~~~~~~~~~~~~~~~~~~~~~~~~~~~~~~~~~~~~~~~~~~~~~~~~~~~~-->
  <!---->
  <!--~~~~~~~~~~~~~~~~~~~~~~~~~~~~~~~~~~~~~~~~~~~~~~~~~~~~~~~~~~~~~~~~~~~~~~~~~~~~~~~~~~~~~~~~~~~~~-->
  <!--TARGET APPLICANT NAME-->
  <FIELD name="XML_P1c_Joint_2">
    <WIDGETS>
      <WIDGET page_index="0" left="113.909" bottom="247.897" width="198.694" height="12.074" rotation="0" />
    </WIDGETS>
  </FIELD>
  <!--SIG_PAD-->
  <FIELD name="PAD_P1c_Joint_2">
    <WIDGETS>
      <WIDGET page_index="0" left="31.4074" bottom="260.16" width="84.5206" height="21.028" rotation="0" />
    </WIDGETS>
  </FIELD>
  <FIELD name="SIG_DATE_P1c_Joint_2">
    <WIDGETS>
      <WIDGET page_index="0" left="209.416" bottom="260.646" width="95.071" height="12.074" rotation="0" />
    </WIDGETS>
  </FIELD>
  <!--DOCUSIGN-->
  <FIELD type="SignatureMetaField" signature_field_name="PAD_P1c_Joint_2" name="P1c_Joint_2" role="RecipientIndex" docusign_x_offset="0" docusign_y_offset="-6" />
  <FIELD type="SignatureMetaField" signature_field_name="PAD_P1c_Joint_2" name="P1c_Joint_2_Initials" role="IsInitials" value="N" />
  <FIELD type="SignatureMetaField" signature_field_name="PAD_P1c_Joint_2" name="P1c_Joint_2_DateOffsets" role="DateOffset" docusign_date_x_offset="0" docusign_date_y_offset="0" />
  <!--~~~~~~~~~~~~~~~~~~~~~~~~~~~~~~~~~~~~~~~~~~~~~~~~~~~~~~~~~~~~~~~~~~~~~~~~~~~~~~~~~~~~~~~~~~~~~-->
  <!---->
  <!--~~~~~~~~~~~~~~~~~~~~~~~~~~~~~~~~~~~~~~~~~~~~~~~~~~~~~~~~~~~~~~~~~~~~~~~~~~~~~~~~~~~~~~~~~~~~~-->
  <!--TARGET APPLICANT NAME-->
  <FIELD name="XML_P1d_Joint_3">
    <WIDGETS>
      <WIDGET page_index="0" left="113.909" bottom="221.149" width="198.694" height="12.074" rotation="0" />
    </WIDGETS>
  </FIELD>
  <!--SIG_PAD-->
  <FIELD name="PAD_P1d_Joint_3">
    <WIDGETS>
      <WIDGET page_index="0" left="31.4069" bottom="233.413" width="84.5211" height="21.028" rotation="0" />
    </WIDGETS>
  </FIELD>
  <FIELD name="SIG_DATE_P1d_Joint_3">
    <WIDGETS>
      <WIDGET page_index="0" left="209.416" bottom="233.898" width="95.071" height="12.075" rotation="0" />
    </WIDGETS>
  </FIELD>
  <!--DOCUSIGN-->
  <FIELD type="SignatureMetaField" signature_field_name="PAD_P1d_Joint_3" name="P1d_Joint_3" role="RecipientIndex" docusign_x_offset="0" docusign_y_offset="-6" />
  <FIELD type="SignatureMetaField" signature_field_name="PAD_P1d_Joint_3" name="P1d_Joint_3_Initials" role="IsInitials" value="N" />
  <FIELD type="SignatureMetaField" signature_field_name="PAD_P1d_Joint_3" name="P1d_Joint_3_DateOffsets" role="DateOffset" docusign_date_x_offset="0" docusign_date_y_offset="0" />
  <!--~~~~~~~~~~~~~~~~~~~~~~~~~~~~~~~~~~~~~~~~~~~~~~~~~~~~~~~~~~~~~~~~~~~~~~~~~~~~~~~~~~~~~~~~~~~~~-->
  <!---->
  <!--~~~~~~~~~~~~~~~~~~~~~~~~~~~~~~~~~~~~~~~~~~~~~~~~~~~~~~~~~~~~~~~~~~~~~~~~~~~~~~~~~~~~~~~~~~~~~-->
  <!--TARGET APPLICANT NAME-->
  <FIELD name="XML_P1e_Owner_Without_Survivorship">
    <WIDGETS>
      <WIDGET page_index="0" left="405.34" bottom="301.791" width="198.694" height="12.074" rotation="0" />
    </WIDGETS>
  </FIELD>
  <!--SIG_PAD-->
  <FIELD name="PAD_P1e_Owner_Without_Survivorship">
    <WIDGETS>
      <WIDGET page_index="0" left="322.838" bottom="314.055" width="84.521" height="21.028" rotation="0" />
    </WIDGETS>
  </FIELD>
  <FIELD name="SIG_DATE_P1e_Owner_Without_Survivorship">
    <WIDGETS>
      <WIDGET page_index="0" left="500.847" bottom="314.54" width="94.567" height="12.074" rotation="0" />
    </WIDGETS>
  </FIELD>
  <!--DOCUSIGN-->
  <FIELD type="SignatureMetaField" signature_field_name="PAD_P1e_Owner_Without_Survivorship" name="P1e_Owner_Without_Survivorship" role="RecipientIndex" docusign_x_offset="0" docusign_y_offset="-6" />
  <FIELD type="SignatureMetaField" signature_field_name="PAD_P1e_Owner_Without_Survivorship" name="P1e_Owner_Without_Survivorship_Initials" role="IsInitials" value="N" />
  <FIELD type="SignatureMetaField" signature_field_name="PAD_P1e_Owner_Without_Survivorship" name="P1e_Owner_Without_Survivorship_DateOffsets" role="DateOffset" docusign_date_x_offset="0" docusign_date_y_offset="0" />
  <!--~~~~~~~~~~~~~~~~~~~~~~~~~~~~~~~~~~~~~~~~~~~~~~~~~~~~~~~~~~~~~~~~~~~~~~~~~~~~~~~~~~~~~~~~~~~~~-->
  <!---->
  <!--~~~~~~~~~~~~~~~~~~~~~~~~~~~~~~~~~~~~~~~~~~~~~~~~~~~~~~~~~~~~~~~~~~~~~~~~~~~~~~~~~~~~~~~~~~~~~-->
  <!--TARGET APPLICANT NAME-->
  <FIELD name="XML_P1f_Joint_1_Without_Survivorship">
    <WIDGETS>
      <WIDGET page_index="0" left="405.339" bottom="275.811" width="198.695" height="12.074" rotation="0" />
    </WIDGETS>
  </FIELD>
  <!--SIG_PAD-->
  <FIELD name="PAD_P1f_Joint_1_Without_Survivorship">
    <WIDGETS>
      <WIDGET page_index="0" left="322.838" bottom="288.075" width="84.521" height="21.028" rotation="0" />
    </WIDGETS>
  </FIELD>
  <FIELD name="SIG_DATE_P1f_Joint_1_Without_Survivorship">
    <WIDGETS>
      <WIDGET page_index="0" left="500.847" bottom="288.56" width="94.567" height="12.074" rotation="0" />
    </WIDGETS>
  </FIELD>
  <!--DOCUSIGN-->
  <FIELD type="SignatureMetaField" signature_field_name="PAD_P1f_Joint_1_Without_Survivorship" name="P1f_Joint_1_Without_Survivorship" role="RecipientIndex" docusign_x_offset="0" docusign_y_offset="-6" />
  <FIELD type="SignatureMetaField" signature_field_name="PAD_P1f_Joint_1_Without_Survivorship" name="P1f_Joint_1_Without_Survivorship_Initials" role="IsInitials" value="N" />
  <FIELD type="SignatureMetaField" signature_field_name="PAD_P1f_Joint_1_Without_Survivorship" name="P1f_Joint_1_Without_Survivorship_DateOffsets" role="DateOffset" docusign_date_x_offset="0" docusign_date_y_offset="0" />
  <!--~~~~~~~~~~~~~~~~~~~~~~~~~~~~~~~~~~~~~~~~~~~~~~~~~~~~~~~~~~~~~~~~~~~~~~~~~~~~~~~~~~~~~~~~~~~~~-->
  <!---->
  <!--~~~~~~~~~~~~~~~~~~~~~~~~~~~~~~~~~~~~~~~~~~~~~~~~~~~~~~~~~~~~~~~~~~~~~~~~~~~~~~~~~~~~~~~~~~~~~-->
  <!--TARGET APPLICANT NAME-->
  <FIELD name="XML_P1g_Joint_2_Without_Survivorship">
    <WIDGETS>
      <WIDGET page_index="0" left="405.339" bottom="248.296" width="198.695" height="12.074" rotation="0" />
    </WIDGETS>
  </FIELD>
  <!--SIG_PAD-->
  <FIELD name="PAD_P1g_Joint_2_Without_Survivorship">
    <WIDGETS>
      <WIDGET page_index="0" left="322.838" bottom="260.56" width="84.521" height="21.028" rotation="0" />
    </WIDGETS>
  </FIELD>
  <FIELD name="SIG_DATE_P1g_Joint_2_Without_Survivorship">
    <WIDGETS>
      <WIDGET page_index="0" left="500.847" bottom="261.045" width="94.567" height="12.074" rotation="0" />
    </WIDGETS>
  </FIELD>
  <!--DOCUSIGN-->
  <FIELD type="SignatureMetaField" signature_field_name="PAD_P1g_Joint_2_Without_Survivorship" name="P1g_Joint_2_Without_Survivorship" role="RecipientIndex" docusign_x_offset="0" docusign_y_offset="-6" />
  <FIELD type="SignatureMetaField" signature_field_name="PAD_P1g_Joint_2_Without_Survivorship" name="P1g_Joint_2_Without_Survivorship_Initials" role="IsInitials" value="N" />
  <FIELD type="SignatureMetaField" signature_field_name="PAD_P1g_Joint_2_Without_Survivorship" name="P1g_Joint_2_Without_Survivorship_DateOffsets" role="DateOffset" docusign_date_x_offset="0" docusign_date_y_offset="0" />
  <!--~~~~~~~~~~~~~~~~~~~~~~~~~~~~~~~~~~~~~~~~~~~~~~~~~~~~~~~~~~~~~~~~~~~~~~~~~~~~~~~~~~~~~~~~~~~~~-->
  <!---->
  <!--~~~~~~~~~~~~~~~~~~~~~~~~~~~~~~~~~~~~~~~~~~~~~~~~~~~~~~~~~~~~~~~~~~~~~~~~~~~~~~~~~~~~~~~~~~~~~-->
  <!--TARGET APPLICANT NAME-->
  <FIELD name="XML_P1h_Joint_3_Without_Survivorship">
    <WIDGETS>
      <WIDGET page_index="0" left="405.339" bottom="221.149" width="198.695" height="12.074" rotation="0" />
    </WIDGETS>
  </FIELD>
  <!--SIG_PAD-->
  <FIELD name="PAD_P1h_Joint_3_Without_Survivorship">
    <WIDGETS>
      <WIDGET page_index="0" left="322.838" bottom="233.413" width="84.521" height="21.028" rotation="0" />
    </WIDGETS>
  </FIELD>
  <FIELD name="SIG_DATE_P1h_Joint_3_Without_Survivorship">
    <WIDGETS>
      <WIDGET page_index="0" left="500.847" bottom="233.898" width="94.567" height="12.074" rotation="0" />
    </WIDGETS>
  </FIELD>
  <!--DOCUSIGN-->
  <FIELD type="SignatureMetaField" signature_field_name="PAD_P1h_Joint_3_Without_Survivorship" name="P1h_Joint_3_Without_Survivorship" role="RecipientIndex" docusign_x_offset="0" docusign_y_offset="-6" />
  <FIELD type="SignatureMetaField" signature_field_name="PAD_P1h_Joint_3_Without_Survivorship" name="P1h_Joint_3_Without_Survivorship_Initials" role="IsInitials" value="N" />
  <FIELD type="SignatureMetaField" signature_field_name="PAD_P1h_Joint_3_Without_Survivorship" name="P1h_Joint_3_Without_Survivorship_DateOffsets" role="DateOffset" docusign_date_x_offset="0" docusign_date_y_offset="0" />
  <!--~~~~~~~~~~~~~~~~~~~~~~~~~~~~~~~~~~~~~~~~~~~~~~~~~~~~~~~~~~~~~~~~~~~~~~~~~~~~~~~~~~~~~~~~~~~~~-->
  <!---->
  <!--~~~~~~~~~~~~~~~~~~~~~~~~~~~~~~~~~~~~~~~~~~~~~~~~~~~~~~~~~~~~~~~~~~~~~~~~~~~~~~~~~~~~~~~~~~~~~-->
  <!--SIG_PAD-->
  <FIELD name="PAD_P2a_Agent">
    <WIDGETS>
      <WIDGET page_index="1" left="138.631" bottom="58.797" width="84.521" height="21.028" rotation="0" />
    </WIDGETS>
  </FIELD>
  <FIELD name="SIG_DATE_P2a_Agent">
    <WIDGETS>
      <WIDGET page_index="1" left="311.849" bottom="58.797" width="57.231" height="12.074" rotation="0" />
    </WIDGETS>
  </FIELD>
  <!--DOCUSIGN-->
  <FIELD type="SignatureMetaField" signature_field_name="PAD_P2a_Agent" name="P2a_Agent" role="RecipientIndex" docusign_x_offset="0" docusign_y_offset="-6" />
  <FIELD type="SignatureMetaField" signature_field_name="PAD_P2a_Agent" name="P2a_Agent_Initials" role="IsInitials" value="N" />
  <FIELD type="SignatureMetaField" signature_field_name="PAD_P2a_Agent" name="P2a_Agent_DateOffsets" role="DateOffset" docusign_date_x_offset="0" docusign_date_y_offset="0" />
  <!--~~~~~~~~~~~~~~~~~~~~~~~~~~~~~~~~~~~~~~~~~~~~~~~~~~~~~~~~~~~~~~~~~~~~~~~~~~~~~~~~~~~~~~~~~~~~~-->
  <!---->
  <!--~~~~~~~~~~~~~~~~~~~~~~~~~~~~~~~~~~~~~~~~~~~~~~~~~~~~~~~~~~~~~~~~~~~~~~~~~~~~~~~~~~~~~~~~~~~~~-->
  <!--TARGET APPLICANT NAME-->
  <FIELD name="XML_P3a_Custodian">
    <WIDGETS>
      <WIDGET page_index="2" left="101.888" bottom="602.171" width="198.694" height="12.074" rotation="0" />
    </WIDGETS>
  </FIELD>
  <!--SIG_PAD-->
  <FIELD name="PAD_P3a_Custodian">
    <WIDGETS>
      <WIDGET page_index="2" left="31.7621" bottom="614.434" width="84.5209" height="21.029" rotation="0" />
    </WIDGETS>
  </FIELD>
  <FIELD name="SIG_DATE_P3a_Custodian">
    <WIDGETS>
      <WIDGET page_index="2" left="240.511" bottom="614.121" width="57.231" height="12.0740000000001" rotation="0" />
    </WIDGETS>
  </FIELD>
  <!--DOCUSIGN-->
  <FIELD type="SignatureMetaField" signature_field_name="PAD_P3a_Custodian" name="P3a_Custodian" role="RecipientIndex" docusign_x_offset="0" docusign_y_offset="-6" />
  <FIELD type="SignatureMetaField" signature_field_name="PAD_P3a_Custodian" name="P3a_Custodian_Initials" role="IsInitials" value="N" />
  <FIELD type="SignatureMetaField" signature_field_name="PAD_P3a_Custodian" name="P3a_Custodian_DateOffsets" role="DateOffset" docusign_date_x_offset="0" docusign_date_y_offset="0" />
  <!--~~~~~~~~~~~~~~~~~~~~~~~~~~~~~~~~~~~~~~~~~~~~~~~~~~~~~~~~~~~~~~~~~~~~~~~~~~~~~~~~~~~~~~~~~~~~~-->
  <!---->
  <!--~~~~~~~~~~~~~~~~~~~~~~~~~~~~~~~~~~~~~~~~~~~~~~~~~~~~~~~~~~~~~~~~~~~~~~~~~~~~~~~~~~~~~~~~~~~~~-->
  <!--TARGET APPLICANT NAME-->
  <FIELD name="XML_P3b_Witness">
    <WIDGETS>
      <WIDGET page_index="2" left="392.52" bottom="602.171" width="198.694" height="12.074" rotation="0" />
    </WIDGETS>
  </FIELD>
  <!--SIG_PAD-->
  <FIELD name="PAD_P3b_Witness">
    <WIDGETS>
      <WIDGET page_index="2" left="322.394" bottom="614.434" width="84.521" height="21.029" rotation="0" />
    </WIDGETS>
  </FIELD>
  <FIELD name="SIG_DATE_P3b_Witness">
    <WIDGETS>
      <WIDGET page_index="2" left="531.144" bottom="614.121" width="57.231" height="12.0740000000001" rotation="0" />
    </WIDGETS>
  </FIELD>
  <!--DOCUSIGN-->
  <FIELD type="SignatureMetaField" signature_field_name="PAD_P3b_Witness" name="P3b_Witness" role="RecipientIndex" docusign_x_offset="0" docusign_y_offset="-6" />
  <FIELD type="SignatureMetaField" signature_field_name="PAD_P3b_Witness" name="P3b_Witness_Initials" role="IsInitials" value="N" />
  <FIELD type="SignatureMetaField" signature_field_name="PAD_P3b_Witness" name="P3b_Witness_DateOffsets" role="DateOffset" docusign_date_x_offset="0" docusign_date_y_offset="0" />
  <!--~~~~~~~~~~~~~~~~~~~~~~~~~~~~~~~~~~~~~~~~~~~~~~~~~~~~~~~~~~~~~~~~~~~~~~~~~~~~~~~~~~~~~~~~~~~~~-->
  <!---->
  <!--~~~~~~~~~~~~~~~~~~~~~~~~~~~~~~~~~~~~~~~~~~~~~~~~~~~~~~~~~~~~~~~~~~~~~~~~~~~~~~~~~~~~~~~~~~~~~-->
  <!--TARGET APPLICANT NAME-->
  <FIELD name="XML_P4a_Owner">
    <WIDGETS>
      <WIDGET page_index="3" left="112.865" bottom="550.161" width="198.694" height="12.0740000000001" rotation="0" />
    </WIDGETS>
  </FIELD>
  <!--SIG_PAD-->
  <FIELD name="PAD_P4a_Owner">
    <WIDGETS>
      <WIDGET page_index="3" left="42.3401" bottom="560.413" width="84.5209" height="21.028" rotation="0" />
    </WIDGETS>
  </FIELD>
  <FIELD name="SIG_DATE_P4a_Owner">
    <WIDGETS>
      <WIDGET page_index="3" left="239.512" bottom="560.302" width="57.231" height="12.074" rotation="0" />
    </WIDGETS>
  </FIELD>
  <!--DOCUSIGN-->
  <FIELD type="SignatureMetaField" signature_field_name="PAD_P4a_Owner" name="P4a_Owner" role="RecipientIndex" docusign_x_offset="0" docusign_y_offset="-6" />
  <FIELD type="SignatureMetaField" signature_field_name="PAD_P4a_Owner" name="P4a_Owner_Initials" role="IsInitials" value="N" />
  <FIELD type="SignatureMetaField" signature_field_name="PAD_P4a_Owner" name="P4a_Owner_DateOffsets" role="DateOffset" docusign_date_x_offset="0" docusign_date_y_offset="0" />
  <!--~~~~~~~~~~~~~~~~~~~~~~~~~~~~~~~~~~~~~~~~~~~~~~~~~~~~~~~~~~~~~~~~~~~~~~~~~~~~~~~~~~~~~~~~~~~~~-->
  <!---->
  <!--~~~~~~~~~~~~~~~~~~~~~~~~~~~~~~~~~~~~~~~~~~~~~~~~~~~~~~~~~~~~~~~~~~~~~~~~~~~~~~~~~~~~~~~~~~~~~-->
  <!--TARGET APPLICANT NAME-->
  <FIELD name="XML_P4b_Joint_Owner_1">
    <WIDGETS>
      <WIDGET page_index="3" left="403.897" bottom="550.161" width="198.694" height="12.0740000000001" rotation="0" />
    </WIDGETS>
  </FIELD>
  <!--SIG_PAD-->
  <FIELD name="PAD_P4b_Joint_Owner_1">
    <WIDGETS>
      <WIDGET page_index="3" left="333.372" bottom="560.413" width="84.521" height="21.028" rotation="0" />
    </WIDGETS>
  </FIELD>
  <FIELD name="SIG_DATE_P4b_Joint_Owner_1">
    <WIDGETS>
      <WIDGET page_index="3" left="530.544" bottom="560.302" width="57.231" height="12.074" rotation="0" />
    </WIDGETS>
  </FIELD>
  <!--DOCUSIGN-->
  <FIELD type="SignatureMetaField" signature_field_name="PAD_P4b_Joint_Owner_1" name="P4b_Joint_Owner_1" role="RecipientIndex" docusign_x_offset="0" docusign_y_offset="-6" />
  <FIELD type="SignatureMetaField" signature_field_name="PAD_P4b_Joint_Owner_1" name="P4b_Joint_Owner_1_Initials" role="IsInitials" value="N" />
  <FIELD type="SignatureMetaField" signature_field_name="PAD_P4b_Joint_Owner_1" name="P4b_Joint_Owner_1_DateOffsets" role="DateOffset" docusign_date_x_offset="0" docusign_date_y_offset="0" />
  <!--~~~~~~~~~~~~~~~~~~~~~~~~~~~~~~~~~~~~~~~~~~~~~~~~~~~~~~~~~~~~~~~~~~~~~~~~~~~~~~~~~~~~~~~~~~~~~-->
  <!---->
  <!--~~~~~~~~~~~~~~~~~~~~~~~~~~~~~~~~~~~~~~~~~~~~~~~~~~~~~~~~~~~~~~~~~~~~~~~~~~~~~~~~~~~~~~~~~~~~~-->
  <!--TARGET APPLICANT NAME-->
  <FIELD name="XML_P4c_Joint_Owner_2">
    <WIDGETS>
      <WIDGET page_index="3" left="109.206" bottom="502.051" width="198.694" height="12.074" rotation="0" />
    </WIDGETS>
  </FIELD>
  <!--SIG_PAD-->
  <FIELD name="PAD_P4c_Joint_Owner_2">
    <WIDGETS>
      <WIDGET page_index="3" left="38.6809" bottom="515.303" width="84.5211" height="21.028" rotation="0" />
    </WIDGETS>
  </FIELD>
  <FIELD name="SIG_DATE_P4c_Joint_Owner_2">
    <WIDGETS>
      <WIDGET page_index="3" left="235.853" bottom="515.192" width="57.231" height="12.074" rotation="0" />
    </WIDGETS>
  </FIELD>
  <!--DOCUSIGN-->
  <FIELD type="SignatureMetaField" signature_field_name="PAD_P4c_Joint_Owner_2" name="P4c_Joint_Owner_2" role="RecipientIndex" docusign_x_offset="0" docusign_y_offset="-6" />
  <FIELD type="SignatureMetaField" signature_field_name="PAD_P4c_Joint_Owner_2" name="P4c_Joint_Owner_2_Initials" role="IsInitials" value="N" />
  <FIELD type="SignatureMetaField" signature_field_name="PAD_P4c_Joint_Owner_2" name="P4c_Joint_Owner_2_DateOffsets" role="DateOffset" docusign_date_x_offset="0" docusign_date_y_offset="0" />
  <!--~~~~~~~~~~~~~~~~~~~~~~~~~~~~~~~~~~~~~~~~~~~~~~~~~~~~~~~~~~~~~~~~~~~~~~~~~~~~~~~~~~~~~~~~~~~~~-->
  <!---->
  <!--~~~~~~~~~~~~~~~~~~~~~~~~~~~~~~~~~~~~~~~~~~~~~~~~~~~~~~~~~~~~~~~~~~~~~~~~~~~~~~~~~~~~~~~~~~~~~-->
  <!--TARGET APPLICANT NAME-->
  <FIELD name="XML_P4d_Joint_Owner_3">
    <WIDGETS>
      <WIDGET page_index="3" left="400.238" bottom="502.451" width="198.694" height="12.074" rotation="0" />
    </WIDGETS>
  </FIELD>
  <!--SIG_PAD-->
  <FIELD name="PAD_P4d_Joint_Owner_3">
    <WIDGETS>
      <WIDGET page_index="3" left="329.713" bottom="515.703" width="84.521" height="21.027" rotation="0" />
    </WIDGETS>
  </FIELD>
  <FIELD name="SIG_DATE_P4d_Joint_Owner_3">
    <WIDGETS>
      <WIDGET page_index="3" left="526.885" bottom="515.591" width="57.231" height="12.074" rotation="0" />
    </WIDGETS>
  </FIELD>
  <!--DOCUSIGN-->
  <FIELD type="SignatureMetaField" signature_field_name="PAD_P4d_Joint_Owner_3" name="P4d_Joint_Owner_3" role="RecipientIndex" docusign_x_offset="0" docusign_y_offset="-6" />
  <FIELD type="SignatureMetaField" signature_field_name="PAD_P4d_Joint_Owner_3" name="P4d_Joint_Owner_3_Initials" role="IsInitials" value="N" />
  <FIELD type="SignatureMetaField" signature_field_name="PAD_P4d_Joint_Owner_3" name="P4d_Joint_Owner_3_DateOffsets" role="DateOffset" docusign_date_x_offset="0" docusign_date_y_offset="0" />
  <!--~~~~~~~~~~~~~~~~~~~~~~~~~~~~~~~~~~~~~~~~~~~~~~~~~~~~~~~~~~~~~~~~~~~~~~~~~~~~~~~~~~~~~~~~~~~~~-->
  <!---->
  <!--~~~~~~~~~~~~~~~~~~~~~~~~~~~~~~~~~~~~~~~~~~~~~~~~~~~~~~~~~~~~~~~~~~~~~~~~~~~~~~~~~~~~~~~~~~~~~-->
</ADDITIONAL_FIELDS>