<ADDITIONAL_FIELDS>
  <!--~~~~~~~~~~~~~~~~~~~~~~~~~~~~~~~~~~~~~~~~~~~~~~~~~~~~~~~~~~~~~~~~~~~~~~~~~~~~~~~~~~~~~~~~~~~~~-->
  <!---->
  <!--~~~~~~~~~~~~~~~~~~~~~~~~~~~~~~~~~~~~~~~~~~~~~~~~~~~~~~~~~~~~~~~~~~~~~~~~~~~~~~~~~~~~~~~~~~~~~-->
  <!--TARGET APPLICANT NAME-->
  <!--SIG_PAD-->
  <FIELD name="PAD_P1a_Adoption_by_Vote">
    <WIDGETS>
      <WIDGET page_index="0" left="56.1772" bottom="395.959" width="102.416794" height="24.9579773" rotation="0" />
    </WIDGETS>
  </FIELD>
  <FIELD name="SIG_DATE_P1a_Adoption_by_Vote">
    <WIDGETS>
      <WIDGET page_index="0" left="208.005" bottom="407.181" width="87.69998" height="10.0700073" rotation="0" />
    </WIDGETS>
  </FIELD>
  <!--DOCUSIGN-->
  <FIELD type="SignatureMetaField" signature_field_name="PAD_P1a_Adoption_by_Vote" name="P1a_Adoption_by_Vote" role="RecipientIndex" docusign_x_offset="0" docusign_y_offset="0" />
  <FIELD type="SignatureMetaField" signature_field_name="PAD_P1a_Adoption_by_Vote" name="P1a_Adoption_by_Vote_Initials" role="IsInitials" value="N" />
  <FIELD type="SignatureMetaField" signature_field_name="SIG_DATE_P1a_Adoption_by_Vote" name="P1a_Adoption_by_Vote_DateOffsets" role="DateOffset" docusign_date_x_offset="0" docusign_date_y_offset="0" />
  <FIELD type="SignatureMetaField" signature_field_name="PAD_P1a_Adoption_by_Vote" name="P1a_Adoption_by_Vote_Optional" role="IsOptional" value="N" />
  <!--~~~~~~~~~~~~~~~~~~~~~~~~~~~~~~~~~~~~~~~~~~~~~~~~~~~~~~~~~~~~~~~~~~~~~~~~~~~~~~~~~~~~~~~~~~~~~-->
  <!---->
  <!--~~~~~~~~~~~~~~~~~~~~~~~~~~~~~~~~~~~~~~~~~~~~~~~~~~~~~~~~~~~~~~~~~~~~~~~~~~~~~~~~~~~~~~~~~~~~~-->
  <!--TARGET APPLICANT NAME-->
  <!--SIG_PAD-->
  <FIELD name="PAD_P1b_Adoption_by_Unanimous_Members_1">
    <WIDGETS>
      <WIDGET page_index="0" left="55.972" bottom="215.658" width="84.5209961" height="21.028" rotation="0" />
    </WIDGETS>
  </FIELD>
  <FIELD name="SIG_DATE_P1b_Adoption_by_Unanimous_Members_1">
    <WIDGETS>
      <WIDGET page_index="0" left="234.393" bottom="233.027" width="58.6829834" height="10.0700073" rotation="0" />
    </WIDGETS>
  </FIELD>
  <!--DOCUSIGN-->
  <FIELD type="SignatureMetaField" signature_field_name="PAD_P1b_Adoption_by_Unanimous_Members_1" name="P1b_Adoption_by_Unanimous_Members_1" role="RecipientIndex" docusign_x_offset="0" docusign_y_offset="0" />
  <FIELD type="SignatureMetaField" signature_field_name="PAD_P1b_Adoption_by_Unanimous_Members_1" name="P1b_Adoption_by_Unanimous_Members_1_Initials" role="IsInitials" value="N" />
  <FIELD type="SignatureMetaField" signature_field_name="SIG_DATE_P1b_Adoption_by_Unanimous_Members_1" name="P1b_Adoption_by_Unanimous_Members_1_DateOffsets" role="DateOffset" docusign_date_x_offset="0" docusign_date_y_offset="0" />
  <FIELD type="SignatureMetaField" signature_field_name="PAD_P1b_Adoption_by_Unanimous_Members_1" name="P1b_Adoption_by_Unanimous_Members_1_Optional" role="IsOptional" value="N" />
  <!--~~~~~~~~~~~~~~~~~~~~~~~~~~~~~~~~~~~~~~~~~~~~~~~~~~~~~~~~~~~~~~~~~~~~~~~~~~~~~~~~~~~~~~~~~~~~~-->
  <!---->
  <!--~~~~~~~~~~~~~~~~~~~~~~~~~~~~~~~~~~~~~~~~~~~~~~~~~~~~~~~~~~~~~~~~~~~~~~~~~~~~~~~~~~~~~~~~~~~~~-->
  <!--TARGET APPLICANT NAME-->
  <!--SIG_PAD-->
  <FIELD name="PAD_P1c_Adoption_by_Unanimous_Members_2">
    <WIDGETS>
      <WIDGET page_index="0" left="332.518" bottom="216.182" width="84.5209961" height="21.028" rotation="0" />
    </WIDGETS>
  </FIELD>
  <FIELD name="SIG_DATE_P1c_Adoption_by_Unanimous_Members_2">
    <WIDGETS>
      <WIDGET page_index="0" left="513.641" bottom="233.551" width="58.6820068" height="10.0700073" rotation="0" />
    </WIDGETS>
  </FIELD>
  <!--DOCUSIGN-->
  <FIELD type="SignatureMetaField" signature_field_name="PAD_P1c_Adoption_by_Unanimous_Members_2" name="P1c_Adoption_by_Unanimous_Members_2" role="RecipientIndex" docusign_x_offset="0" docusign_y_offset="0" />
  <FIELD type="SignatureMetaField" signature_field_name="PAD_P1c_Adoption_by_Unanimous_Members_2" name="P1c_Adoption_by_Unanimous_Members_2_Initials" role="IsInitials" value="N" />
  <FIELD type="SignatureMetaField" signature_field_name="SIG_DATE_P1c_Adoption_by_Unanimous_Members_2" name="P1c_Adoption_by_Unanimous_Members_2_DateOffsets" role="DateOffset" docusign_date_x_offset="0" docusign_date_y_offset="0" />
  <FIELD type="SignatureMetaField" signature_field_name="PAD_P1c_Adoption_by_Unanimous_Members_2" name="P1c_Adoption_by_Unanimous_Members_2_Optional" role="IsOptional" value="N" />
  <!--~~~~~~~~~~~~~~~~~~~~~~~~~~~~~~~~~~~~~~~~~~~~~~~~~~~~~~~~~~~~~~~~~~~~~~~~~~~~~~~~~~~~~~~~~~~~~-->
  <!---->
  <!--~~~~~~~~~~~~~~~~~~~~~~~~~~~~~~~~~~~~~~~~~~~~~~~~~~~~~~~~~~~~~~~~~~~~~~~~~~~~~~~~~~~~~~~~~~~~~-->
  <!--TARGET APPLICANT NAME-->
  <!--SIG_PAD-->
  <FIELD name="PAD_P1d_Adoption_by_Unanimous_Members_3">
    <WIDGETS>
      <WIDGET page_index="0" left="55.972" bottom="157.017" width="84.5209961" height="21.028" rotation="0" />
    </WIDGETS>
  </FIELD>
  <FIELD name="SIG_DATE_P1d_Adoption_by_Unanimous_Members_3">
    <WIDGETS>
      <WIDGET page_index="0" left="233" bottom="171.247" width="58.6820068" height="10.0700073" rotation="0" />
    </WIDGETS>
  </FIELD>
  <!--DOCUSIGN-->
  <FIELD type="SignatureMetaField" signature_field_name="PAD_P1d_Adoption_by_Unanimous_Members_3" name="P1d_Adoption_by_Unanimous_Members_3" role="RecipientIndex" docusign_x_offset="0" docusign_y_offset="0" />
  <FIELD type="SignatureMetaField" signature_field_name="PAD_P1d_Adoption_by_Unanimous_Members_3" name="P1d_Adoption_by_Unanimous_Members_3_Initials" role="IsInitials" value="N" />
  <FIELD type="SignatureMetaField" signature_field_name="SIG_DATE_P1d_Adoption_by_Unanimous_Members_3" name="P1d_Adoption_by_Unanimous_Members_3_DateOffsets" role="DateOffset" docusign_date_x_offset="0" docusign_date_y_offset="0" />
  <FIELD type="SignatureMetaField" signature_field_name="PAD_P1d_Adoption_by_Unanimous_Members_3" name="P1d_Adoption_by_Unanimous_Members_3_Optional" role="IsOptional" value="N" />
  <!--~~~~~~~~~~~~~~~~~~~~~~~~~~~~~~~~~~~~~~~~~~~~~~~~~~~~~~~~~~~~~~~~~~~~~~~~~~~~~~~~~~~~~~~~~~~~~-->
  <!---->
  <!--~~~~~~~~~~~~~~~~~~~~~~~~~~~~~~~~~~~~~~~~~~~~~~~~~~~~~~~~~~~~~~~~~~~~~~~~~~~~~~~~~~~~~~~~~~~~~-->
  <!--TARGET APPLICANT NAME-->
  <!--SIG_PAD-->
  <FIELD name="PAD_P1e_Adoption_by_Unanimous_Members_4">
    <WIDGETS>
      <WIDGET page_index="0" left="332.518" bottom="157.541" width="84.5209961" height="21.028" rotation="0" />
    </WIDGETS>
  </FIELD>
  <FIELD name="SIG_DATE_P1e_Adoption_by_Unanimous_Members_4">
    <WIDGETS>
      <WIDGET page_index="0" left="513.641" bottom="171.771" width="58.6820068" height="10.0700073" rotation="0" />
    </WIDGETS>
  </FIELD>
  <!--DOCUSIGN-->
  <FIELD type="SignatureMetaField" signature_field_name="PAD_P1e_Adoption_by_Unanimous_Members_4" name="P1e_Adoption_by_Unanimous_Members_4" role="RecipientIndex" docusign_x_offset="0" docusign_y_offset="0" />
  <FIELD type="SignatureMetaField" signature_field_name="PAD_P1e_Adoption_by_Unanimous_Members_4" name="P1e_Adoption_by_Unanimous_Members_4_Initials" role="IsInitials" value="N" />
  <FIELD type="SignatureMetaField" signature_field_name="SIG_DATE_P1e_Adoption_by_Unanimous_Members_4" name="P1e_Adoption_by_Unanimous_Members_4_DateOffsets" role="DateOffset" docusign_date_x_offset="0" docusign_date_y_offset="0" />
  <FIELD type="SignatureMetaField" signature_field_name="PAD_P1e_Adoption_by_Unanimous_Members_4" name="P1e_Adoption_by_Unanimous_Members_4_Optional" role="IsOptional" value="N" />
  <!--~~~~~~~~~~~~~~~~~~~~~~~~~~~~~~~~~~~~~~~~~~~~~~~~~~~~~~~~~~~~~~~~~~~~~~~~~~~~~~~~~~~~~~~~~~~~~-->
  <!---->
  <!--~~~~~~~~~~~~~~~~~~~~~~~~~~~~~~~~~~~~~~~~~~~~~~~~~~~~~~~~~~~~~~~~~~~~~~~~~~~~~~~~~~~~~~~~~~~~~-->
  <!--TARGET APPLICANT NAME-->
  <!--SIG_PAD-->
  <FIELD name="PAD_P1f_Adoption_by_Unanimous_Members_5">
    <WIDGETS>
      <WIDGET page_index="0" left="55.972" bottom="99.8889" width="84.5209961" height="21.0281" rotation="0" />
    </WIDGETS>
  </FIELD>
  <FIELD name="SIG_DATE_P1f_Adoption_by_Unanimous_Members_5">
    <WIDGETS>
      <WIDGET page_index="0" left="236.181" bottom="114.15" width="58.6820068" height="10.07" rotation="0" />
    </WIDGETS>
  </FIELD>
  <!--DOCUSIGN-->
  <FIELD type="SignatureMetaField" signature_field_name="PAD_P1f_Adoption_by_Unanimous_Members_5" name="P1f_Adoption_by_Unanimous_Members_5" role="RecipientIndex" docusign_x_offset="0" docusign_y_offset="0" />
  <FIELD type="SignatureMetaField" signature_field_name="PAD_P1f_Adoption_by_Unanimous_Members_5" name="P1f_Adoption_by_Unanimous_Members_5_Initials" role="IsInitials" value="N" />
  <FIELD type="SignatureMetaField" signature_field_name="SIG_DATE_P1f_Adoption_by_Unanimous_Members_5" name="P1f_Adoption_by_Unanimous_Members_5_DateOffsets" role="DateOffset" docusign_date_x_offset="0" docusign_date_y_offset="0" />
  <FIELD type="SignatureMetaField" signature_field_name="PAD_P1f_Adoption_by_Unanimous_Members_5" name="P1f_Adoption_by_Unanimous_Members_5_Optional" role="IsOptional" value="N" />
  <!--~~~~~~~~~~~~~~~~~~~~~~~~~~~~~~~~~~~~~~~~~~~~~~~~~~~~~~~~~~~~~~~~~~~~~~~~~~~~~~~~~~~~~~~~~~~~~-->
  <!---->
  <!--~~~~~~~~~~~~~~~~~~~~~~~~~~~~~~~~~~~~~~~~~~~~~~~~~~~~~~~~~~~~~~~~~~~~~~~~~~~~~~~~~~~~~~~~~~~~~-->
  <!--TARGET APPLICANT NAME-->
  <!--SIG_PAD-->
  <FIELD name="PAD_P1g_Adoption_by_Unanimous_Members_6">
    <WIDGETS>
      <WIDGET page_index="0" left="332.518" bottom="100.413" width="84.5209961" height="21.028" rotation="0" />
    </WIDGETS>
  </FIELD>
  <FIELD name="SIG_DATE_P1g_Adoption_by_Unanimous_Members_6">
    <WIDGETS>
      <WIDGET page_index="0" left="513.641" bottom="114.674" width="58.6820068" height="10.07" rotation="0" />
    </WIDGETS>
  </FIELD>
  <!--DOCUSIGN-->
  <FIELD type="SignatureMetaField" signature_field_name="PAD_P1g_Adoption_by_Unanimous_Members_6" name="P1g_Adoption_by_Unanimous_Members_6" role="RecipientIndex" docusign_x_offset="0" docusign_y_offset="0" />
  <FIELD type="SignatureMetaField" signature_field_name="PAD_P1g_Adoption_by_Unanimous_Members_6" name="P1g_Adoption_by_Unanimous_Members_6_Initials" role="IsInitials" value="N" />
  <FIELD type="SignatureMetaField" signature_field_name="SIG_DATE_P1g_Adoption_by_Unanimous_Members_6" name="P1g_Adoption_by_Unanimous_Members_6_DateOffsets" role="DateOffset" docusign_date_x_offset="0" docusign_date_y_offset="0" />
  <FIELD type="SignatureMetaField" signature_field_name="PAD_P1g_Adoption_by_Unanimous_Members_6" name="P1g_Adoption_by_Unanimous_Members_6_Optional" role="IsOptional" value="N" />
  <!--~~~~~~~~~~~~~~~~~~~~~~~~~~~~~~~~~~~~~~~~~~~~~~~~~~~~~~~~~~~~~~~~~~~~~~~~~~~~~~~~~~~~~~~~~~~~~-->
  <!---->
  <!--~~~~~~~~~~~~~~~~~~~~~~~~~~~~~~~~~~~~~~~~~~~~~~~~~~~~~~~~~~~~~~~~~~~~~~~~~~~~~~~~~~~~~~~~~~~~~-->
  <!--TARGET APPLICANT NAME-->
  <!--SIG_PAD-->
  <FIELD name="PAD_P2a_Authorized_Share_Accounts_1">
    <WIDGETS>
      <WIDGET page_index="1" left="56.5992" bottom="357.447" width="84.5218048" height="21.0280151" rotation="0" />
    </WIDGETS>
  </FIELD>
  <FIELD name="SIG_DATE_P2a_Authorized_Share_Accounts_1">
    <WIDGETS>
      <WIDGET page_index="1" left="237.632" bottom="373.996" width="58.68199" height="10.0700073" rotation="0" />
    </WIDGETS>
  </FIELD>
  <!--DOCUSIGN-->
  <FIELD type="SignatureMetaField" signature_field_name="PAD_P2a_Authorized_Share_Accounts_1" name="P2a_Authorized_Share_Accounts_1" role="RecipientIndex" docusign_x_offset="0" docusign_y_offset="0" />
  <FIELD type="SignatureMetaField" signature_field_name="PAD_P2a_Authorized_Share_Accounts_1" name="P2a_Authorized_Share_Accounts_1_Initials" role="IsInitials" value="N" />
  <FIELD type="SignatureMetaField" signature_field_name="SIG_DATE_P2a_Authorized_Share_Accounts_1" name="P2a_Authorized_Share_Accounts_1_DateOffsets" role="DateOffset" docusign_date_x_offset="0" docusign_date_y_offset="0" />
  <FIELD type="SignatureMetaField" signature_field_name="PAD_P2a_Authorized_Share_Accounts_1" name="P2a_Authorized_Share_Accounts_1_Optional" role="IsOptional" value="N" />
  <!--~~~~~~~~~~~~~~~~~~~~~~~~~~~~~~~~~~~~~~~~~~~~~~~~~~~~~~~~~~~~~~~~~~~~~~~~~~~~~~~~~~~~~~~~~~~~~-->
  <!---->
  <!--~~~~~~~~~~~~~~~~~~~~~~~~~~~~~~~~~~~~~~~~~~~~~~~~~~~~~~~~~~~~~~~~~~~~~~~~~~~~~~~~~~~~~~~~~~~~~-->
  <!--TARGET APPLICANT NAME-->
  <!--SIG_PAD-->
  <FIELD name="PAD_P2b_Authorized_Share_Accounts_2">
    <WIDGETS>
      <WIDGET page_index="1" left="335.186" bottom="357.447" width="84.5209961" height="21.0280151" rotation="0" />
    </WIDGETS>
  </FIELD>
  <FIELD name="SIG_DATE_P2b_Authorized_Share_Accounts_2">
    <WIDGETS>
      <WIDGET page_index="1" left="512.986" bottom="372.245" width="58.6820068" height="10.0700073" rotation="0" />
    </WIDGETS>
  </FIELD>
  <!--DOCUSIGN-->
  <FIELD type="SignatureMetaField" signature_field_name="PAD_P2b_Authorized_Share_Accounts_2" name="P2b_Authorized_Share_Accounts_2" role="RecipientIndex" docusign_x_offset="0" docusign_y_offset="0" />
  <FIELD type="SignatureMetaField" signature_field_name="PAD_P2b_Authorized_Share_Accounts_2" name="P2b_Authorized_Share_Accounts_2_Initials" role="IsInitials" value="N" />
  <FIELD type="SignatureMetaField" signature_field_name="SIG_DATE_P2b_Authorized_Share_Accounts_2" name="P2b_Authorized_Share_Accounts_2_DateOffsets" role="DateOffset" docusign_date_x_offset="0" docusign_date_y_offset="0" />
  <FIELD type="SignatureMetaField" signature_field_name="PAD_P2b_Authorized_Share_Accounts_2" name="P2b_Authorized_Share_Accounts_2_Optional" role="IsOptional" value="N" />
  <!--~~~~~~~~~~~~~~~~~~~~~~~~~~~~~~~~~~~~~~~~~~~~~~~~~~~~~~~~~~~~~~~~~~~~~~~~~~~~~~~~~~~~~~~~~~~~~-->
  <!---->
  <!--~~~~~~~~~~~~~~~~~~~~~~~~~~~~~~~~~~~~~~~~~~~~~~~~~~~~~~~~~~~~~~~~~~~~~~~~~~~~~~~~~~~~~~~~~~~~~-->
  <!--TARGET APPLICANT NAME-->
  <!--SIG_PAD-->
  <FIELD name="PAD_P2c_Authorized_Share_Accounts_3">
    <WIDGETS>
      <WIDGET page_index="1" left="56.5992" bottom="290.381" width="84.5218048" height="21.0279846" rotation="0" />
    </WIDGETS>
  </FIELD>
  <FIELD name="SIG_DATE_P2c_Authorized_Share_Accounts_3">
    <WIDGETS>
      <WIDGET page_index="1" left="237.632" bottom="302.105" width="58.68199" height="10.0699768" rotation="0" />
    </WIDGETS>
  </FIELD>
  <!--DOCUSIGN-->
  <FIELD type="SignatureMetaField" signature_field_name="PAD_P2c_Authorized_Share_Accounts_3" name="P2c_Authorized_Share_Accounts_3" role="RecipientIndex" docusign_x_offset="0" docusign_y_offset="0" />
  <FIELD type="SignatureMetaField" signature_field_name="PAD_P2c_Authorized_Share_Accounts_3" name="P2c_Authorized_Share_Accounts_3_Initials" role="IsInitials" value="N" />
  <FIELD type="SignatureMetaField" signature_field_name="SIG_DATE_P2c_Authorized_Share_Accounts_3" name="P2c_Authorized_Share_Accounts_3_DateOffsets" role="DateOffset" docusign_date_x_offset="0" docusign_date_y_offset="0" />
  <FIELD type="SignatureMetaField" signature_field_name="PAD_P2c_Authorized_Share_Accounts_3" name="P2c_Authorized_Share_Accounts_3_Optional" role="IsOptional" value="N" />
  <!--~~~~~~~~~~~~~~~~~~~~~~~~~~~~~~~~~~~~~~~~~~~~~~~~~~~~~~~~~~~~~~~~~~~~~~~~~~~~~~~~~~~~~~~~~~~~~-->
  <!---->
  <!--~~~~~~~~~~~~~~~~~~~~~~~~~~~~~~~~~~~~~~~~~~~~~~~~~~~~~~~~~~~~~~~~~~~~~~~~~~~~~~~~~~~~~~~~~~~~~-->
  <!--TARGET APPLICANT NAME-->
  <!--SIG_PAD-->
  <FIELD name="PAD_P2d_Authorized_Share_Accounts_4">
    <WIDGETS>
      <WIDGET page_index="1" left="335.186" bottom="290.381" width="84.5209961" height="21.0279846" rotation="0" />
    </WIDGETS>
  </FIELD>
  <FIELD name="SIG_DATE_P2d_Authorized_Share_Accounts_4">
    <WIDGETS>
      <WIDGET page_index="1" left="512.986" bottom="305.502" width="58.6820068" height="10.0699768" rotation="0" />
    </WIDGETS>
  </FIELD>
  <!--DOCUSIGN-->
  <FIELD type="SignatureMetaField" signature_field_name="PAD_P2d_Authorized_Share_Accounts_4" name="P2d_Authorized_Share_Accounts_4" role="RecipientIndex" docusign_x_offset="0" docusign_y_offset="0" />
  <FIELD type="SignatureMetaField" signature_field_name="PAD_P2d_Authorized_Share_Accounts_4" name="P2d_Authorized_Share_Accounts_4_Initials" role="IsInitials" value="N" />
  <FIELD type="SignatureMetaField" signature_field_name="SIG_DATE_P2d_Authorized_Share_Accounts_4" name="P2d_Authorized_Share_Accounts_4_DateOffsets" role="DateOffset" docusign_date_x_offset="0" docusign_date_y_offset="0" />
  <FIELD type="SignatureMetaField" signature_field_name="PAD_P2d_Authorized_Share_Accounts_4" name="P2d_Authorized_Share_Accounts_4_Optional" role="IsOptional" value="N" />
  <!--~~~~~~~~~~~~~~~~~~~~~~~~~~~~~~~~~~~~~~~~~~~~~~~~~~~~~~~~~~~~~~~~~~~~~~~~~~~~~~~~~~~~~~~~~~~~~-->
  <!---->
  <!--~~~~~~~~~~~~~~~~~~~~~~~~~~~~~~~~~~~~~~~~~~~~~~~~~~~~~~~~~~~~~~~~~~~~~~~~~~~~~~~~~~~~~~~~~~~~~-->
</ADDITIONAL_FIELDS>