<ADDITIONAL_FIELDS>
  <!--~~~~~~~~~~~~~~~~~~~~~~~~~~~~~~~~~~~~~~~~~~~~~~~~~~~~~~~~~~~~~~~~~~~~~~~~~~~~~~~~~~~~~~~~~~~~~-->
  <!---->
  <!--~~~~~~~~~~~~~~~~~~~~~~~~~~~~~~~~~~~~~~~~~~~~~~~~~~~~~~~~~~~~~~~~~~~~~~~~~~~~~~~~~~~~~~~~~~~~~-->
  <!--TARGET APPLICANT NAME-->
  <FIELD name="XML_P1a_Owner">
    <WIDGETS>
      <WIDGET page_index="0" left="92.8705" bottom="451.184" width="213.3125" height="10.07" rotation="0" />
    </WIDGETS>
  </FIELD>
  <!--SIG_PAD-->
  <FIELD name="PAD_P1a_Owner">
    <WIDGETS>
      <WIDGET page_index="0" left="17.7799" bottom="439.661" width="60.3978" height="15.027" rotation="0" />
    </WIDGETS>
  </FIELD>
  <FIELD name="SIG_DATE_P1a_Owner">
    <WIDGETS>
      <WIDGET page_index="0" left="243.098" bottom="439.275" width="58.348" height="10.0700000000001" rotation="0" />
    </WIDGETS>
  </FIELD>
  <!--DOCUSIGN-->
  <FIELD type="SignatureMetaField" signature_field_name="PAD_P1a_Owner" name="P1a_Owner" role="RecipientIndex" docusign_x_offset="0" docusign_y_offset="-7" />
  <FIELD type="SignatureMetaField" signature_field_name="PAD_P1a_Owner" name="P1a_Owner_Initials" role="IsInitials" value="N" />
  <FIELD type="SignatureMetaField" signature_field_name="PAD_P1a_Owner" name="P1a_Owner_DateOffsets" role="DateOffset" docusign_date_x_offset="0" docusign_date_y_offset="0" />
  <FIELD type="SignatureMetaField" signature_field_name="PAD_P1a_Owner" name="P1a_Owner_Optional" role="IsOptional" value="N" />
  <!--~~~~~~~~~~~~~~~~~~~~~~~~~~~~~~~~~~~~~~~~~~~~~~~~~~~~~~~~~~~~~~~~~~~~~~~~~~~~~~~~~~~~~~~~~~~~~-->
  <!---->
  <!--~~~~~~~~~~~~~~~~~~~~~~~~~~~~~~~~~~~~~~~~~~~~~~~~~~~~~~~~~~~~~~~~~~~~~~~~~~~~~~~~~~~~~~~~~~~~~-->
  <!--TARGET APPLICANT NAME-->
  <FIELD name="XML_P1b_CoOwner">
    <WIDGETS>
      <WIDGET page_index="0" left="393.076" bottom="451.148" width="201.203" height="10.07" rotation="0" />
    </WIDGETS>
  </FIELD>
  <!--SIG_PAD-->
  <FIELD name="PAD_P1b_CoOwner">
    <WIDGETS>
      <WIDGET page_index="0" left="305.876" bottom="439.626" width="60.398" height="15.026" rotation="0" />
    </WIDGETS>
  </FIELD>
  <FIELD name="SIG_DATE_P1b_CoOwner">
    <WIDGETS>
      <WIDGET page_index="0" left="531.522" bottom="439.73" width="58.348" height="10.07" rotation="0" />
    </WIDGETS>
  </FIELD>
  <!--DOCUSIGN-->
  <FIELD type="SignatureMetaField" signature_field_name="PAD_P1b_CoOwner" name="P1b_CoOwner" role="RecipientIndex" docusign_x_offset="0" docusign_y_offset="-7" />
  <FIELD type="SignatureMetaField" signature_field_name="PAD_P1b_CoOwner" name="P1b_CoOwner_Initials" role="IsInitials" value="N" />
  <FIELD type="SignatureMetaField" signature_field_name="PAD_P1b_CoOwner" name="P1b_CoOwner_DateOffsets" role="DateOffset" docusign_date_x_offset="0" docusign_date_y_offset="0" />
  <FIELD type="SignatureMetaField" signature_field_name="PAD_P1b_CoOwner" name="P1b_CoOwner_Optional" role="IsOptional" value="N" />
  <!--~~~~~~~~~~~~~~~~~~~~~~~~~~~~~~~~~~~~~~~~~~~~~~~~~~~~~~~~~~~~~~~~~~~~~~~~~~~~~~~~~~~~~~~~~~~~~-->
  <!---->
  <!--~~~~~~~~~~~~~~~~~~~~~~~~~~~~~~~~~~~~~~~~~~~~~~~~~~~~~~~~~~~~~~~~~~~~~~~~~~~~~~~~~~~~~~~~~~~~~-->
</ADDITIONAL_FIELDS>