<ADDITIONAL_FIELDS>
  <!--~~~~~~~~~~~~~~~~~~~~~~~~~~~~~~~~~~~~~~~~~~~~~~~~~~~~~~~~~~~~~~~~~~~~~~~~~~~~~~~~~~~~~~~~~~~~~-->
  <!---->
  <!--~~~~~~~~~~~~~~~~~~~~~~~~~~~~~~~~~~~~~~~~~~~~~~~~~~~~~~~~~~~~~~~~~~~~~~~~~~~~~~~~~~~~~~~~~~~~~-->
  <!--TARGET APPLICANT NAME-->
  <FIELD name="XML_P2a_Owner">
    <WIDGETS>
      <WIDGET page_index="1" left="278.893" bottom="641.458" width="210.695" height="10.0700073" rotation="0" />
    </WIDGETS>
  </FIELD>
  <!--SIG_PAD-->
  <FIELD name="PAD_P2a_Owner">
    <WIDGETS>
      <WIDGET page_index="1" left="106.625" bottom="641.366" width="84.5209961" height="21.0269775" rotation="0" />
    </WIDGETS>
  </FIELD>
  <FIELD name="SIG_DATE_P2a_Owner">
    <WIDGETS>
      <WIDGET page_index="1" left="503.48" bottom="641.369" width="70.48398" height="13.3969727" rotation="0" />
    </WIDGETS>
  </FIELD>
  <!--DOCUSIGN-->
  <FIELD type="SignatureMetaField" signature_field_name="PAD_P2a_Owner" name="P2a_Owner" role="RecipientIndex" docusign_x_offset="0" docusign_y_offset="-6" />
  <FIELD type="SignatureMetaField" signature_field_name="PAD_P2a_Owner" name="P2a_Owner_Initials" role="IsInitials" value="N" />
  <FIELD type="SignatureMetaField" signature_field_name="SIG_DATE_P2a_Owner" name="P2a_Owner_DateOffsets" role="DateOffset" docusign_date_x_offset="0" docusign_date_y_offset="0" />
  <FIELD type="SignatureMetaField" signature_field_name="PAD_P2a_Owner" name="P2a_Owner_Optional" role="IsOptional" value="N" />
  <!--~~~~~~~~~~~~~~~~~~~~~~~~~~~~~~~~~~~~~~~~~~~~~~~~~~~~~~~~~~~~~~~~~~~~~~~~~~~~~~~~~~~~~~~~~~~~~-->
  <!---->
  <!--~~~~~~~~~~~~~~~~~~~~~~~~~~~~~~~~~~~~~~~~~~~~~~~~~~~~~~~~~~~~~~~~~~~~~~~~~~~~~~~~~~~~~~~~~~~~~-->
  <!--TARGET APPLICANT NAME-->
  <FIELD name="XML_P2b_CoOwner">
    <WIDGETS>
      <WIDGET page_index="1" left="279.893" bottom="616.203" width="210.695" height="10.0700073" rotation="0" />
    </WIDGETS>
  </FIELD>
  <!--SIG_PAD-->
  <FIELD name="PAD_P2b_CoOwner">
    <WIDGETS>
      <WIDGET page_index="1" left="119.934" bottom="615.547" width="84.521" height="21.0280151" rotation="0" />
    </WIDGETS>
  </FIELD>
  <FIELD name="SIG_DATE_P2b_CoOwner">
    <WIDGETS>
      <WIDGET page_index="1" left="503.48" bottom="615.359" width="70.48398" height="13.39801" rotation="0" />
    </WIDGETS>
  </FIELD>
  <!--DOCUSIGN-->
  <FIELD type="SignatureMetaField" signature_field_name="PAD_P2b_CoOwner" name="P2b_CoOwner" role="RecipientIndex" docusign_x_offset="0" docusign_y_offset="-6" />
  <FIELD type="SignatureMetaField" signature_field_name="PAD_P2b_CoOwner" name="P2b_CoOwner_Initials" role="IsInitials" value="N" />
  <FIELD type="SignatureMetaField" signature_field_name="SIG_DATE_P2b_CoOwner" name="P2b_CoOwner_DateOffsets" role="DateOffset" docusign_date_x_offset="0" docusign_date_y_offset="0" />
  <FIELD type="SignatureMetaField" signature_field_name="PAD_P2b_CoOwner" name="P2b_CoOwner_Optional" role="IsOptional" value="N" />
  <!--~~~~~~~~~~~~~~~~~~~~~~~~~~~~~~~~~~~~~~~~~~~~~~~~~~~~~~~~~~~~~~~~~~~~~~~~~~~~~~~~~~~~~~~~~~~~~-->
  <!---->
  <!--~~~~~~~~~~~~~~~~~~~~~~~~~~~~~~~~~~~~~~~~~~~~~~~~~~~~~~~~~~~~~~~~~~~~~~~~~~~~~~~~~~~~~~~~~~~~~-->
  <!--TARGET APPLICANT NAME-->
  <FIELD name="XML_P2c_Lienholder">
    <WIDGETS>
      <WIDGET page_index="1" left="398.915" bottom="590.786" width="102.367981" height="10.8330078" rotation="0" />
    </WIDGETS>
  </FIELD>
  <!--SIG_PAD-->
  <FIELD name="PAD_P2c_Lienholder">
    <WIDGETS>
      <WIDGET page_index="1" left="314.271" bottom="590.22" width="84.5209961" height="21.0280151" rotation="0" />
    </WIDGETS>
  </FIELD>
  <FIELD name="SIG_DATE_P2c_Lienholder">
    <WIDGETS>
      <WIDGET page_index="1" left="503.48" bottom="590.553" width="69.96597" height="11.1069946" rotation="0" />
    </WIDGETS>
  </FIELD>
  <!--DOCUSIGN-->
  <FIELD type="SignatureMetaField" signature_field_name="PAD_P2c_Lienholder" name="P2c_Lienholder" role="RecipientIndex" docusign_x_offset="0" docusign_y_offset="-6" />
  <FIELD type="SignatureMetaField" signature_field_name="PAD_P2c_Lienholder" name="P2c_Lienholder_Initials" role="IsInitials" value="N" />
  <FIELD type="SignatureMetaField" signature_field_name="SIG_DATE_P2c_Lienholder" name="P2c_Lienholder_DateOffsets" role="DateOffset" docusign_date_x_offset="0" docusign_date_y_offset="0" />
  <FIELD type="SignatureMetaField" signature_field_name="PAD_P2c_Lienholder" name="P2c_Lienholder_Optional" role="IsOptional" value="N" />
  <!--~~~~~~~~~~~~~~~~~~~~~~~~~~~~~~~~~~~~~~~~~~~~~~~~~~~~~~~~~~~~~~~~~~~~~~~~~~~~~~~~~~~~~~~~~~~~~-->
  <!---->
  <!--~~~~~~~~~~~~~~~~~~~~~~~~~~~~~~~~~~~~~~~~~~~~~~~~~~~~~~~~~~~~~~~~~~~~~~~~~~~~~~~~~~~~~~~~~~~~~-->
  <!--TARGET APPLICANT NAME-->
  <FIELD name="XML_P2d_New_Lienholder">
    <WIDGETS>
      <WIDGET page_index="1" left="398.915" bottom="565.892" width="102.367981" height="10.8329468" rotation="0" />
    </WIDGETS>
  </FIELD>
  <!--SIG_PAD-->
  <FIELD name="PAD_P2d_New_Lienholder">
    <WIDGETS>
      <WIDGET page_index="1" left="314.271" bottom="565.527" width="84.5209961" height="21.0280151" rotation="0" />
    </WIDGETS>
  </FIELD>
  <FIELD name="SIG_DATE_P2d_New_Lienholder">
    <WIDGETS>
      <WIDGET page_index="1" left="503.48" bottom="566.227" width="69.96597" height="11.1080322" rotation="0" />
    </WIDGETS>
  </FIELD>
  <!--DOCUSIGN-->
  <FIELD type="SignatureMetaField" signature_field_name="PAD_P2d_New_Lienholder" name="P2d_New_Lienholder" role="RecipientIndex" docusign_x_offset="0" docusign_y_offset="-6" />
  <FIELD type="SignatureMetaField" signature_field_name="PAD_P2d_New_Lienholder" name="P2d_New_Lienholder_Initials" role="IsInitials" value="N" />
  <FIELD type="SignatureMetaField" signature_field_name="SIG_DATE_P2d_New_Lienholder" name="P2d_New_Lienholder_DateOffsets" role="DateOffset" docusign_date_x_offset="0" docusign_date_y_offset="0" />
  <FIELD type="SignatureMetaField" signature_field_name="PAD_P2d_New_Lienholder" name="P2d_New_Lienholder_Optional" role="IsOptional" value="N" />
  <!--~~~~~~~~~~~~~~~~~~~~~~~~~~~~~~~~~~~~~~~~~~~~~~~~~~~~~~~~~~~~~~~~~~~~~~~~~~~~~~~~~~~~~~~~~~~~~-->
  <!---->
  <!--~~~~~~~~~~~~~~~~~~~~~~~~~~~~~~~~~~~~~~~~~~~~~~~~~~~~~~~~~~~~~~~~~~~~~~~~~~~~~~~~~~~~~~~~~~~~~-->
</ADDITIONAL_FIELDS>