<ADDITIONAL_FIELDS>
  <!--~~~~~~~~~~~~~~~~~~~~~~~~~~~~~~~~~~~~~~~~~~~~~~~~~~~~~~~~~~~~~~~~~~~~~~~~~~~~~~~~~~~~~~~~~~~~~-->
  <!---->
  <!--~~~~~~~~~~~~~~~~~~~~~~~~~~~~~~~~~~~~~~~~~~~~~~~~~~~~~~~~~~~~~~~~~~~~~~~~~~~~~~~~~~~~~~~~~~~~~-->
  <!--TARGET APPLICANT NAME-->
  <FIELD name="XML_P7a_Borrower_1">
    <WIDGETS>
      <WIDGET page_index="6" left="261.396" bottom="546.874" width="211.743" height="15.271" rotation="0" />
    </WIDGETS>
  </FIELD>
  <!--SIG_PAD-->
  <FIELD name="PAD_P7a_Borrower_1">
    <WIDGETS>
      <WIDGET page_index="6" left="88.6814" bottom="571.147" width="156.5406" height="37.526" rotation="0" />
    </WIDGETS>
  </FIELD>
  <FIELD name="SIG_DATE_P7a_Borrower_1">
    <WIDGETS>
      <WIDGET page_index="6" left="313.587" bottom="575.888" width="59.126" height="13.9639999999999" rotation="0" />
    </WIDGETS>
  </FIELD>
  <!--DOCUSIGN-->
  <FIELD type="SignatureMetaField" signature_field_name="PAD_P7a_Borrower_1" name="P7a_Borrower_1" role="RecipientIndex" docusign_x_offset="0" docusign_y_offset="0" />
  <FIELD type="SignatureMetaField" signature_field_name="PAD_P7a_Borrower_1" name="P7a_Borrower_1_Initials" role="IsInitials" value="N" />
  <!--~~~~~~~~~~~~~~~~~~~~~~~~~~~~~~~~~~~~~~~~~~~~~~~~~~~~~~~~~~~~~~~~~~~~~~~~~~~~~~~~~~~~~~~~~~~~~-->
  <!---->
  <!--~~~~~~~~~~~~~~~~~~~~~~~~~~~~~~~~~~~~~~~~~~~~~~~~~~~~~~~~~~~~~~~~~~~~~~~~~~~~~~~~~~~~~~~~~~~~~-->
  <!--TARGET APPLICANT NAME-->
  <FIELD name="XML_P7b_Borrower_2">
    <WIDGETS>
      <WIDGET page_index="6" left="261.396" bottom="496.36" width="211.743" height="15.272" rotation="0" />
    </WIDGETS>
  </FIELD>
  <!--SIG_PAD-->
  <FIELD name="PAD_P7b_Borrower_2">
    <WIDGETS>
      <WIDGET page_index="6" left="88.6814" bottom="523.403" width="156.5406" height="37.525" rotation="0" />
    </WIDGETS>
  </FIELD>
  <FIELD name="SIG_DATE_P7b_Borrower_2">
    <WIDGETS>
      <WIDGET page_index="6" left="313.587" bottom="527.029" width="59.126" height="13.9640000000001" rotation="0" />
    </WIDGETS>
  </FIELD>
  <!--DOCUSIGN-->
  <FIELD type="SignatureMetaField" signature_field_name="PAD_P7b_Borrower_2" name="P7b_Borrower_2" role="RecipientIndex" docusign_x_offset="0" docusign_y_offset="0" />
  <FIELD type="SignatureMetaField" signature_field_name="PAD_P7b_Borrower_2" name="P7b_Borrower_2_Initials" role="IsInitials" value="N" />
  <!--~~~~~~~~~~~~~~~~~~~~~~~~~~~~~~~~~~~~~~~~~~~~~~~~~~~~~~~~~~~~~~~~~~~~~~~~~~~~~~~~~~~~~~~~~~~~~-->
  <!---->
  <!--~~~~~~~~~~~~~~~~~~~~~~~~~~~~~~~~~~~~~~~~~~~~~~~~~~~~~~~~~~~~~~~~~~~~~~~~~~~~~~~~~~~~~~~~~~~~~-->
  <!--TARGET APPLICANT NAME-->
  <FIELD name="XML_P7c_Borrower_3">
    <WIDGETS>
      <WIDGET page_index="6" left="261.396" bottom="448.068" width="211.743" height="15.273" rotation="0" />
    </WIDGETS>
  </FIELD>
  <!--SIG_PAD-->
  <FIELD name="PAD_P7c_Borrower_3">
    <WIDGETS>
      <WIDGET page_index="6" left="88.6814" bottom="475.113" width="156.5406" height="37.525" rotation="0" />
    </WIDGETS>
  </FIELD>
  <FIELD name="SIG_DATE_P7c_Borrower_3">
    <WIDGETS>
      <WIDGET page_index="6" left="313.587" bottom="477.662" width="59.126" height="13.964" rotation="0" />
    </WIDGETS>
  </FIELD>
  <!--DOCUSIGN-->
  <FIELD type="SignatureMetaField" signature_field_name="PAD_P7c_Borrower_3" name="P7c_Borrower_3" role="RecipientIndex" docusign_x_offset="0" docusign_y_offset="0" />
  <FIELD type="SignatureMetaField" signature_field_name="PAD_P7c_Borrower_3" name="P7c_Borrower_3_Initials" role="IsInitials" value="N" />
  <!--~~~~~~~~~~~~~~~~~~~~~~~~~~~~~~~~~~~~~~~~~~~~~~~~~~~~~~~~~~~~~~~~~~~~~~~~~~~~~~~~~~~~~~~~~~~~~-->
  <!---->
  <!--~~~~~~~~~~~~~~~~~~~~~~~~~~~~~~~~~~~~~~~~~~~~~~~~~~~~~~~~~~~~~~~~~~~~~~~~~~~~~~~~~~~~~~~~~~~~~-->
  <!--TARGET APPLICANT NAME-->
  <FIELD name="XML_P7d_Borrower_4">
    <WIDGETS>
      <WIDGET page_index="6" left="261.396" bottom="398.687" width="211.743" height="15.273" rotation="0" />
    </WIDGETS>
  </FIELD>
  <!--SIG_PAD-->
  <FIELD name="PAD_P7d_Borrower_4">
    <WIDGETS>
      <WIDGET page_index="6" left="88.6814" bottom="425.076" width="156.5406" height="37.525" rotation="0" />
    </WIDGETS>
  </FIELD>
  <FIELD name="SIG_DATE_P7d_Borrower_4">
    <WIDGETS>
      <WIDGET page_index="6" left="313.587" bottom="427.776" width="59.126" height="13.964" rotation="0" />
    </WIDGETS>
  </FIELD>
  <!--DOCUSIGN-->
  <FIELD type="SignatureMetaField" signature_field_name="PAD_P7d_Borrower_4" name="P7d_Borrower_4" role="RecipientIndex" docusign_x_offset="0" docusign_y_offset="0" />
  <FIELD type="SignatureMetaField" signature_field_name="PAD_P7d_Borrower_4" name="P7d_Borrower_4_Initials" role="IsInitials" value="N" />
  <!--~~~~~~~~~~~~~~~~~~~~~~~~~~~~~~~~~~~~~~~~~~~~~~~~~~~~~~~~~~~~~~~~~~~~~~~~~~~~~~~~~~~~~~~~~~~~~-->
  <!---->
  <!--~~~~~~~~~~~~~~~~~~~~~~~~~~~~~~~~~~~~~~~~~~~~~~~~~~~~~~~~~~~~~~~~~~~~~~~~~~~~~~~~~~~~~~~~~~~~~-->
</ADDITIONAL_FIELDS>