<ADDITIONAL_FIELDS>
  <!--~~~~~~~~~~~~~~~~~~~~~~~~~~~~~~~~~~~~~~~~~~~~~~~~~~~~~~~~~~~~~~~~~~~~~~~~~~~~~~~~~~~~~~~~~~~~~-->
  <!---->
  <!--~~~~~~~~~~~~~~~~~~~~~~~~~~~~~~~~~~~~~~~~~~~~~~~~~~~~~~~~~~~~~~~~~~~~~~~~~~~~~~~~~~~~~~~~~~~~~-->
  <!--TARGET APPLICANT NAME-->
  <FIELD name="XML_P1a_Borrower_1">
    <WIDGETS>
      <WIDGET page_index="0" left="101.369" bottom="52.5085" width="172.077" height="10.0701" rotation="0" />
    </WIDGETS>
  </FIELD>
  <!--SIG_PAD-->
  <FIELD name="PAD_P1a_Borrower_1">
    <WIDGETS>
      <WIDGET page_index="0" left="35.2819" bottom="65.0526" width="62.1398" height="15.4599" rotation="0" />
    </WIDGETS>
  </FIELD>
  <FIELD name="SIG_DATE_P1a_Borrower_1">
    <WIDGETS>
      <WIDGET page_index="0" left="241.767" bottom="64.094" width="58.348" height="10.07" rotation="0" />
    </WIDGETS>
  </FIELD>
  <!--DOCUSIGN-->
  <FIELD type="SignatureMetaField" signature_field_name="PAD_P1a_Borrower_1" name="P1a_Borrower_1" role="RecipientIndex" docusign_x_offset="0" docusign_y_offset="-7" />
  <FIELD type="SignatureMetaField" signature_field_name="PAD_P1a_Borrower_1" name="P1a_Borrower_1_Initials" role="IsInitials" value="N" />
  <FIELD type="SignatureMetaField" signature_field_name="PAD_P1a_Borrower_1" name="P1a_Borrower_1_DateOffsets" role="DateOffset" docusign_date_x_offset="0" docusign_date_y_offset="0" />
  <FIELD type="SignatureMetaField" signature_field_name="PAD_P1a_Borrower_1" name="P1a_Borrower_1_Optional" role="IsOptional" value="N" />
  <!--~~~~~~~~~~~~~~~~~~~~~~~~~~~~~~~~~~~~~~~~~~~~~~~~~~~~~~~~~~~~~~~~~~~~~~~~~~~~~~~~~~~~~~~~~~~~~-->
  <!---->
  <!--~~~~~~~~~~~~~~~~~~~~~~~~~~~~~~~~~~~~~~~~~~~~~~~~~~~~~~~~~~~~~~~~~~~~~~~~~~~~~~~~~~~~~~~~~~~~~-->
  <!--TARGET APPLICANT NAME-->
  <FIELD name="XML_P1b_Borrower_2">
    <WIDGETS>
      <WIDGET page_index="0" left="101.813" bottom="20.1102" width="172.077" height="10.07" rotation="0" />
    </WIDGETS>
  </FIELD>
  <!--SIG_PAD-->
  <FIELD name="PAD_P1b_Borrower_2">
    <WIDGETS>
      <WIDGET page_index="0" left="34.9078" bottom="32.8226" width="62.1398" height="15.4598" rotation="0" />
    </WIDGETS>
  </FIELD>
  <FIELD name="SIG_DATE_P1b_Borrower_2">
    <WIDGETS>
      <WIDGET page_index="0" left="243.076" bottom="31.4291" width="58.348" height="10.07" rotation="0" />
    </WIDGETS>
  </FIELD>
  <!--DOCUSIGN-->
  <FIELD type="SignatureMetaField" signature_field_name="PAD_P1b_Borrower_2" name="P1b_Borrower_2" role="RecipientIndex" docusign_x_offset="0" docusign_y_offset="-7" />
  <FIELD type="SignatureMetaField" signature_field_name="PAD_P1b_Borrower_2" name="P1b_Borrower_2_Initials" role="IsInitials" value="N" />
  <FIELD type="SignatureMetaField" signature_field_name="PAD_P1b_Borrower_2" name="P1b_Borrower_2_DateOffsets" role="DateOffset" docusign_date_x_offset="0" docusign_date_y_offset="0" />
  <FIELD type="SignatureMetaField" signature_field_name="PAD_P1b_Borrower_2" name="P1b_Borrower_2_Optional" role="IsOptional" value="N" />
  <!--~~~~~~~~~~~~~~~~~~~~~~~~~~~~~~~~~~~~~~~~~~~~~~~~~~~~~~~~~~~~~~~~~~~~~~~~~~~~~~~~~~~~~~~~~~~~~-->
  <!---->
  <!--~~~~~~~~~~~~~~~~~~~~~~~~~~~~~~~~~~~~~~~~~~~~~~~~~~~~~~~~~~~~~~~~~~~~~~~~~~~~~~~~~~~~~~~~~~~~~-->
  <!--TARGET APPLICANT NAME-->
  <FIELD name="XML_P1c_Witness_1">
    <WIDGETS>
      <WIDGET page_index="0" left="380.419" bottom="53.0131" width="188.14" height="10.07" rotation="0" />
    </WIDGETS>
  </FIELD>
  <!--SIG_PAD-->
  <FIELD name="PAD_P1c_Witness_1">
    <WIDGETS>
      <WIDGET page_index="0" left="326.923" bottom="65.1255" width="62.14" height="15.4597" rotation="0" />
    </WIDGETS>
  </FIELD>
  <FIELD name="SIG_DATE_P1c_Witness_1">
    <WIDGETS>
      <WIDGET page_index="0" left="530.857" bottom="63.9302" width="58.349" height="10.07" rotation="0" />
    </WIDGETS>
  </FIELD>
  <!--DOCUSIGN-->
  <FIELD type="SignatureMetaField" signature_field_name="PAD_P1c_Witness_1" name="P1c_Witness_1" role="RecipientIndex" docusign_x_offset="0" docusign_y_offset="-7" />
  <FIELD type="SignatureMetaField" signature_field_name="PAD_P1c_Witness_1" name="P1c_Witness_1_Initials" role="IsInitials" value="N" />
  <FIELD type="SignatureMetaField" signature_field_name="PAD_P1c_Witness_1" name="P1c_Witness_1_DateOffsets" role="DateOffset" docusign_date_x_offset="0" docusign_date_y_offset="0" />
  <FIELD type="SignatureMetaField" signature_field_name="PAD_P1c_Witness_1" name="P1c_Witness_1_Optional" role="IsOptional" value="N" />
  <!--~~~~~~~~~~~~~~~~~~~~~~~~~~~~~~~~~~~~~~~~~~~~~~~~~~~~~~~~~~~~~~~~~~~~~~~~~~~~~~~~~~~~~~~~~~~~~-->
  <!---->
  <!--~~~~~~~~~~~~~~~~~~~~~~~~~~~~~~~~~~~~~~~~~~~~~~~~~~~~~~~~~~~~~~~~~~~~~~~~~~~~~~~~~~~~~~~~~~~~~-->
  <!--TARGET APPLICANT NAME-->
  <FIELD name="XML_P1d_Witness_2">
    <WIDGETS>
      <WIDGET page_index="0" left="379.547" bottom="20.3692" width="188.14" height="10.07" rotation="0" />
    </WIDGETS>
  </FIELD>
  <!--SIG_PAD-->
  <FIELD name="PAD_P1d_Witness_2">
    <WIDGETS>
      <WIDGET page_index="0" left="326.058" bottom="33.218" width="62.14" height="15.4597" rotation="0" />
    </WIDGETS>
  </FIELD>
  <FIELD name="SIG_DATE_P1d_Witness_2">
    <WIDGETS>
      <WIDGET page_index="0" left="532.44" bottom="31.4563" width="58.348" height="10.07" rotation="0" />
    </WIDGETS>
  </FIELD>
  <!--DOCUSIGN-->
  <FIELD type="SignatureMetaField" signature_field_name="PAD_P1d_Witness_2" name="P1d_Witness_2" role="RecipientIndex" docusign_x_offset="0" docusign_y_offset="-7" />
  <FIELD type="SignatureMetaField" signature_field_name="PAD_P1d_Witness_2" name="P1d_Witness_2_Initials" role="IsInitials" value="N" />
  <FIELD type="SignatureMetaField" signature_field_name="PAD_P1d_Witness_2" name="P1d_Witness_2_DateOffsets" role="DateOffset" docusign_date_x_offset="0" docusign_date_y_offset="0" />
  <FIELD type="SignatureMetaField" signature_field_name="PAD_P1d_Witness_2" name="P1d_Witness_2_Optional" role="IsOptional" value="N" />
  <!--~~~~~~~~~~~~~~~~~~~~~~~~~~~~~~~~~~~~~~~~~~~~~~~~~~~~~~~~~~~~~~~~~~~~~~~~~~~~~~~~~~~~~~~~~~~~~-->
  <!---->
  <!--~~~~~~~~~~~~~~~~~~~~~~~~~~~~~~~~~~~~~~~~~~~~~~~~~~~~~~~~~~~~~~~~~~~~~~~~~~~~~~~~~~~~~~~~~~~~~-->
</ADDITIONAL_FIELDS>