<ADDITIONAL_FIELDS>
  <!--~~~~~~~~~~~~~~~~~~~~~~~~~~~~~~~~~~~~~~~~~~~~~~~~~~~~~~~~~~~~~~~~~~~~~~~~~~~~~~~~~~~~~~~~~~~~~-->
  <!---->
  <!--~~~~~~~~~~~~~~~~~~~~~~~~~~~~~~~~~~~~~~~~~~~~~~~~~~~~~~~~~~~~~~~~~~~~~~~~~~~~~~~~~~~~~~~~~~~~~-->
  <!--TARGET APPLICANT NAME-->
  <FIELD name="XML_P2a_I_Wish_to_Cancel_Borrower">
    <WIDGETS>
      <WIDGET page_index="1" left="115.086" bottom="250.739" width="385.457" height="10.07" rotation="0" />
    </WIDGETS>
  </FIELD>
  <!--SIG_PAD-->
  <FIELD name="PAD_P2a_I_Wish_to_Cancel_Borrower">
    <WIDGETS>
      <WIDGET page_index="1" left="29.9206" bottom="262.13" width="65.096" height="16.195" rotation="0" />
    </WIDGETS>
  </FIELD>
  <FIELD name="SIG_DATE_P2a_I_Wish_to_Cancel_Borrower">
    <WIDGETS>
      <WIDGET page_index="1" left="528.127" bottom="263.273" width="58.3480000000001" height="10.07" rotation="0" />
    </WIDGETS>
  </FIELD>
  <!--DOCUSIGN-->
  <FIELD type="SignatureMetaField" signature_field_name="PAD_P2a_I_Wish_to_Cancel_Borrower" name="P2a_I_Wish_to_Cancel_Borrower" role="RecipientIndex" docusign_x_offset="0" docusign_y_offset="-7" />
  <FIELD type="SignatureMetaField" signature_field_name="PAD_P2a_I_Wish_to_Cancel_Borrower" name="P2a_I_Wish_to_Cancel_Borrower_Initials" role="IsInitials" value="N" />
  <FIELD type="SignatureMetaField" signature_field_name="PAD_P2a_I_Wish_to_Cancel_Borrower" name="P2a_I_Wish_to_Cancel_Borrower_DateOffsets" role="DateOffset" docusign_date_x_offset="0" docusign_date_y_offset="0" />
  <FIELD type="SignatureMetaField" signature_field_name="PAD_P2a_I_Wish_to_Cancel_Borrower" name="P2a_I_Wish_to_Cancel_Borrower_Optional" role="IsOptional" value="N" />
  <!--~~~~~~~~~~~~~~~~~~~~~~~~~~~~~~~~~~~~~~~~~~~~~~~~~~~~~~~~~~~~~~~~~~~~~~~~~~~~~~~~~~~~~~~~~~~~~-->
  <!---->
  <!--~~~~~~~~~~~~~~~~~~~~~~~~~~~~~~~~~~~~~~~~~~~~~~~~~~~~~~~~~~~~~~~~~~~~~~~~~~~~~~~~~~~~~~~~~~~~~-->
  <!--TARGET APPLICANT NAME-->
  <FIELD name="XML_P2b_Acknowlegment_of_Receipt_Borrower_1">
    <WIDGETS>
      <WIDGET page_index="1" left="115.043" bottom="68.4532" width="123.967" height="10.07" rotation="0" />
    </WIDGETS>
  </FIELD>
  <!--SIG_PAD-->
  <FIELD name="PAD_P2b_Acknowlegment_of_Receipt_Borrower_1">
    <WIDGETS>
      <WIDGET page_index="1" left="30.5504" bottom="78.5346" width="65.0959" height="16.1954" rotation="0" />
    </WIDGETS>
  </FIELD>
  <FIELD name="SIG_DATE_P2b_Acknowlegment_of_Receipt_Borrower_1">
    <WIDGETS>
      <WIDGET page_index="1" left="237.067" bottom="78.9328" width="58.348" height="10.07" rotation="0" />
    </WIDGETS>
  </FIELD>
  <!--DOCUSIGN-->
  <FIELD type="SignatureMetaField" signature_field_name="PAD_P2b_Acknowlegment_of_Receipt_Borrower_1" name="P2b_Acknowlegment_of_Receipt_Borrower_1" role="RecipientIndex" docusign_x_offset="0" docusign_y_offset="-7" />
  <FIELD type="SignatureMetaField" signature_field_name="PAD_P2b_Acknowlegment_of_Receipt_Borrower_1" name="P2b_Acknowlegment_of_Receipt_Borrower_1_Initials" role="IsInitials" value="N" />
  <FIELD type="SignatureMetaField" signature_field_name="PAD_P2b_Acknowlegment_of_Receipt_Borrower_1" name="P2b_Acknowlegment_of_Receipt_Borrower_1_DateOffsets" role="DateOffset" docusign_date_x_offset="0" docusign_date_y_offset="0" />
  <FIELD type="SignatureMetaField" signature_field_name="PAD_P2b_Acknowlegment_of_Receipt_Borrower_1" name="P2b_Acknowlegment_of_Receipt_Borrower_1_Optional" role="IsOptional" value="N" />
  <!--~~~~~~~~~~~~~~~~~~~~~~~~~~~~~~~~~~~~~~~~~~~~~~~~~~~~~~~~~~~~~~~~~~~~~~~~~~~~~~~~~~~~~~~~~~~~~-->
  <!---->
  <!--~~~~~~~~~~~~~~~~~~~~~~~~~~~~~~~~~~~~~~~~~~~~~~~~~~~~~~~~~~~~~~~~~~~~~~~~~~~~~~~~~~~~~~~~~~~~~-->
  <!--TARGET APPLICANT NAME-->
  <FIELD name="XML_P2c_Acknowlegment_of_Receipt_Borrower_2">
    <WIDGETS>
      <WIDGET page_index="1" left="114.971" bottom="31.4401" width="124.294" height="10.07" rotation="0" />
    </WIDGETS>
  </FIELD>
  <!--SIG_PAD-->
  <FIELD name="PAD_P2c_Acknowlegment_of_Receipt_Borrower_2">
    <WIDGETS>
      <WIDGET page_index="1" left="30.4603" bottom="42.6888" width="65.0959" height="16.1954" rotation="0" />
    </WIDGETS>
  </FIELD>
  <FIELD name="SIG_DATE_P2c_Acknowlegment_of_Receipt_Borrower_2">
    <WIDGETS>
      <WIDGET page_index="1" left="237.977" bottom="41.9197" width="58.348" height="10.07" rotation="0" />
    </WIDGETS>
  </FIELD>
  <!--DOCUSIGN-->
  <FIELD type="SignatureMetaField" signature_field_name="PAD_P2c_Acknowlegment_of_Receipt_Borrower_2" name="P2c_Acknowlegment_of_Receipt_Borrower_2" role="RecipientIndex" docusign_x_offset="0" docusign_y_offset="-7" />
  <FIELD type="SignatureMetaField" signature_field_name="PAD_P2c_Acknowlegment_of_Receipt_Borrower_2" name="P2c_Acknowlegment_of_Receipt_Borrower_2_Initials" role="IsInitials" value="N" />
  <FIELD type="SignatureMetaField" signature_field_name="PAD_P2c_Acknowlegment_of_Receipt_Borrower_2" name="P2c_Acknowlegment_of_Receipt_Borrower_2_DateOffsets" role="DateOffset" docusign_date_x_offset="0" docusign_date_y_offset="0" />
  <FIELD type="SignatureMetaField" signature_field_name="PAD_P2c_Acknowlegment_of_Receipt_Borrower_2" name="P2c_Acknowlegment_of_Receipt_Borrower_2_Optional" role="IsOptional" value="N" />
  <!--~~~~~~~~~~~~~~~~~~~~~~~~~~~~~~~~~~~~~~~~~~~~~~~~~~~~~~~~~~~~~~~~~~~~~~~~~~~~~~~~~~~~~~~~~~~~~-->
  <!---->
  <!--~~~~~~~~~~~~~~~~~~~~~~~~~~~~~~~~~~~~~~~~~~~~~~~~~~~~~~~~~~~~~~~~~~~~~~~~~~~~~~~~~~~~~~~~~~~~~-->
  <!--TARGET APPLICANT NAME-->
  <FIELD name="XML_P2d_Statement_of_Noncancellation_Borrower_1">
    <WIDGETS>
      <WIDGET page_index="1" left="403.21" bottom="61.1554" width="123.967" height="10.0701" rotation="0" />
    </WIDGETS>
  </FIELD>
  <!--SIG_PAD-->
  <FIELD name="PAD_P2d_Statement_of_Noncancellation_Borrower_1">
    <WIDGETS>
      <WIDGET page_index="1" left="318.718" bottom="71.3104" width="65.096" height="16.1954" rotation="0" />
    </WIDGETS>
  </FIELD>
  <FIELD name="SIG_DATE_P2d_Statement_of_Noncancellation_Borrower_1">
    <WIDGETS>
      <WIDGET page_index="1" left="525.234" bottom="71.6351" width="58.348" height="10.07" rotation="0" />
    </WIDGETS>
  </FIELD>
  <!--DOCUSIGN-->
  <FIELD type="SignatureMetaField" signature_field_name="PAD_P2d_Statement_of_Noncancellation_Borrower_1" name="P2d_Statement_of_Noncancellation_Borrower_1" role="RecipientIndex" docusign_x_offset="0" docusign_y_offset="-7" />
  <FIELD type="SignatureMetaField" signature_field_name="PAD_P2d_Statement_of_Noncancellation_Borrower_1" name="P2d_Statement_of_Noncancellation_Borrower_1_Initials" role="IsInitials" value="N" />
  <FIELD type="SignatureMetaField" signature_field_name="PAD_P2d_Statement_of_Noncancellation_Borrower_1" name="P2d_Statement_of_Noncancellation_Borrower_1_DateOffsets" role="DateOffset" docusign_date_x_offset="0" docusign_date_y_offset="0" />
  <FIELD type="SignatureMetaField" signature_field_name="PAD_P2d_Statement_of_Noncancellation_Borrower_1" name="P2d_Statement_of_Noncancellation_Borrower_1_Optional" role="IsOptional" value="N" />
  <!--~~~~~~~~~~~~~~~~~~~~~~~~~~~~~~~~~~~~~~~~~~~~~~~~~~~~~~~~~~~~~~~~~~~~~~~~~~~~~~~~~~~~~~~~~~~~~-->
  <!---->
  <!--~~~~~~~~~~~~~~~~~~~~~~~~~~~~~~~~~~~~~~~~~~~~~~~~~~~~~~~~~~~~~~~~~~~~~~~~~~~~~~~~~~~~~~~~~~~~~-->
  <!--TARGET APPLICANT NAME-->
  <FIELD name="XML_P2e_Statement_of_Noncancellation_Borrower_2">
    <WIDGETS>
      <WIDGET page_index="1" left="403.138" bottom="27.1424" width="124.294" height="10.07" rotation="0" />
    </WIDGETS>
  </FIELD>
  <!--SIG_PAD-->
  <FIELD name="PAD_P2e_Statement_of_Noncancellation_Borrower_2">
    <WIDGETS>
      <WIDGET page_index="1" left="319.628" bottom="38.2237" width="65.096" height="16.1954" rotation="0" />
    </WIDGETS>
  </FIELD>
  <FIELD name="SIG_DATE_P2e_Statement_of_Noncancellation_Borrower_2">
    <WIDGETS>
      <WIDGET page_index="1" left="526.144" bottom="37.622" width="58.348" height="10.07" rotation="0" />
    </WIDGETS>
  </FIELD>
  <!--DOCUSIGN-->
  <FIELD type="SignatureMetaField" signature_field_name="PAD_P2e_Statement_of_Noncancellation_Borrower_2" name="P2e_Statement_of_Noncancellation_Borrower_2" role="RecipientIndex" docusign_x_offset="0" docusign_y_offset="-7" />
  <FIELD type="SignatureMetaField" signature_field_name="PAD_P2e_Statement_of_Noncancellation_Borrower_2" name="P2e_Statement_of_Noncancellation_Borrower_2_Initials" role="IsInitials" value="N" />
  <FIELD type="SignatureMetaField" signature_field_name="PAD_P2e_Statement_of_Noncancellation_Borrower_2" name="P2e_Statement_of_Noncancellation_Borrower_2_DateOffsets" role="DateOffset" docusign_date_x_offset="0" docusign_date_y_offset="0" />
  <FIELD type="SignatureMetaField" signature_field_name="PAD_P2e_Statement_of_Noncancellation_Borrower_2" name="P2e_Statement_of_Noncancellation_Borrower_2_Optional" role="IsOptional" value="N" />
  <!--~~~~~~~~~~~~~~~~~~~~~~~~~~~~~~~~~~~~~~~~~~~~~~~~~~~~~~~~~~~~~~~~~~~~~~~~~~~~~~~~~~~~~~~~~~~~~-->
  <!---->
  <!--~~~~~~~~~~~~~~~~~~~~~~~~~~~~~~~~~~~~~~~~~~~~~~~~~~~~~~~~~~~~~~~~~~~~~~~~~~~~~~~~~~~~~~~~~~~~~-->
</ADDITIONAL_FIELDS>