<ADDITIONAL_FIELDS>
  <!--~~~~~~~~~~~~~~~~~~~~~~~~~~~~~~~~~~~~~~~~~~~~~~~~~~~~~~~~~~~~~~~~~~~~~~~~~~~~~~~~~~~~~~~~~~~~~-->
  <!---->
  <!--~~~~~~~~~~~~~~~~~~~~~~~~~~~~~~~~~~~~~~~~~~~~~~~~~~~~~~~~~~~~~~~~~~~~~~~~~~~~~~~~~~~~~~~~~~~~~-->
  <!--TARGET APPLICANT NAME-->
  <FIELD name="XML_P1a_Wisconsin_Residents">
    <WIDGETS>
      <WIDGET page_index="0" left="95.6163" bottom="631.757" width="127.1997" height="9.60000000000002" rotation="0" />
    </WIDGETS>
  </FIELD>
  <!--SIG_PAD-->
  <FIELD name="PAD_P1a_Wisconsin_Residents">
    <WIDGETS>
      <WIDGET page_index="0" left="27.8708" bottom="631.102" width="59.4899" height="14.602" rotation="0" />
    </WIDGETS>
  </FIELD>
  <FIELD name="SIG_DATE_P1a_Wisconsin_Residents">
    <WIDGETS>
      <WIDGET page_index="0" left="222.816" bottom="631.757" width="61.8" height="9.60000000000002" rotation="0" />
    </WIDGETS>
  </FIELD>
  <!--DOCUSIGN-->
  <FIELD type="SignatureMetaField" signature_field_name="PAD_P1a_Wisconsin_Residents" name="P1a_Wisconsin_Residents" role="RecipientIndex" docusign_x_offset="0" docusign_y_offset="-7" />
  <FIELD type="SignatureMetaField" signature_field_name="PAD_P1a_Wisconsin_Residents" name="P1a_Wisconsin_Residents_Initials" role="IsInitials" value="N" />
  <FIELD type="SignatureMetaField" signature_field_name="PAD_P1a_Wisconsin_Residents" name="P1a_Wisconsin_Residents_DateOffsets" role="DateOffset" docusign_date_x_offset="0" docusign_date_y_offset="0" />
  <FIELD type="SignatureMetaField" signature_field_name="PAD_P1a_Wisconsin_Residents" name="P1a_Wisconsin_Residents_Optional" role="IsOptional" value="N" />
  <!--~~~~~~~~~~~~~~~~~~~~~~~~~~~~~~~~~~~~~~~~~~~~~~~~~~~~~~~~~~~~~~~~~~~~~~~~~~~~~~~~~~~~~~~~~~~~~-->
  <!---->
  <!--~~~~~~~~~~~~~~~~~~~~~~~~~~~~~~~~~~~~~~~~~~~~~~~~~~~~~~~~~~~~~~~~~~~~~~~~~~~~~~~~~~~~~~~~~~~~~-->
  <!--TARGET APPLICANT NAME-->
  <FIELD name="XML_P2a_Applicant">
    <WIDGETS>
      <WIDGET page_index="1" left="97.4013" bottom="202.061" width="164.9997" height="10.2" rotation="0" />
    </WIDGETS>
  </FIELD>
  <!--SIG_PAD-->
  <FIELD name="PAD_P2a_Applicant">
    <WIDGETS>
      <WIDGET page_index="1" left="34.3742" bottom="215.507" width="55.5392" height="13.78" rotation="0" />
    </WIDGETS>
  </FIELD>
  <FIELD name="SIG_DATE_P2a_Applicant">
    <WIDGETS>
      <WIDGET page_index="1" left="239.329" bottom="221.118" width="58.348" height="10.07" rotation="0" />
    </WIDGETS>
  </FIELD>
  <!--DOCUSIGN-->
  <FIELD type="SignatureMetaField" signature_field_name="PAD_P2a_Applicant" name="P2a_Applicant" role="RecipientIndex" docusign_x_offset="0" docusign_y_offset="-7" />
  <FIELD type="SignatureMetaField" signature_field_name="PAD_P2a_Applicant" name="P2a_Applicant_Initials" role="IsInitials" value="N" />
  <FIELD type="SignatureMetaField" signature_field_name="PAD_P2a_Applicant" name="P2a_Applicant_DateOffsets" role="DateOffset" docusign_date_x_offset="0" docusign_date_y_offset="0" />
  <FIELD type="SignatureMetaField" signature_field_name="PAD_P2a_Applicant" name="P2a_Applicant_Optional" role="IsOptional" value="N" />
  <!--~~~~~~~~~~~~~~~~~~~~~~~~~~~~~~~~~~~~~~~~~~~~~~~~~~~~~~~~~~~~~~~~~~~~~~~~~~~~~~~~~~~~~~~~~~~~~-->
  <!---->
  <!--~~~~~~~~~~~~~~~~~~~~~~~~~~~~~~~~~~~~~~~~~~~~~~~~~~~~~~~~~~~~~~~~~~~~~~~~~~~~~~~~~~~~~~~~~~~~~-->
  <!--TARGET APPLICANT NAME-->
  <FIELD name="XML_P2b_Other">
    <WIDGETS>
      <WIDGET page_index="1" left="372.965" bottom="202.061" width="164.563" height="10.2" rotation="0" />
    </WIDGETS>
  </FIELD>
  <!--SIG_PAD-->
  <FIELD name="PAD_P2b_Other">
    <WIDGETS>
      <WIDGET page_index="1" left="324.256" bottom="215.37" width="56.367" height="13.992" rotation="0" />
    </WIDGETS>
  </FIELD>
  <FIELD name="SIG_DATE_P2b_Other">
    <WIDGETS>
      <WIDGET page_index="1" left="530.653" bottom="221.002" width="58.348" height="10.07" rotation="0" />
    </WIDGETS>
  </FIELD>
  <!--DOCUSIGN-->
  <FIELD type="SignatureMetaField" signature_field_name="PAD_P2b_Other" name="P2b_Other" role="RecipientIndex" docusign_x_offset="0" docusign_y_offset="-7" />
  <FIELD type="SignatureMetaField" signature_field_name="PAD_P2b_Other" name="P2b_Other_Initials" role="IsInitials" value="N" />
  <FIELD type="SignatureMetaField" signature_field_name="PAD_P2b_Other" name="P2b_Other_DateOffsets" role="DateOffset" docusign_date_x_offset="0" docusign_date_y_offset="0" />
  <FIELD type="SignatureMetaField" signature_field_name="PAD_P2b_Other" name="P2b_Other_Optional" role="IsOptional" value="N" />
  <!--~~~~~~~~~~~~~~~~~~~~~~~~~~~~~~~~~~~~~~~~~~~~~~~~~~~~~~~~~~~~~~~~~~~~~~~~~~~~~~~~~~~~~~~~~~~~~-->
  <!---->
  <!--~~~~~~~~~~~~~~~~~~~~~~~~~~~~~~~~~~~~~~~~~~~~~~~~~~~~~~~~~~~~~~~~~~~~~~~~~~~~~~~~~~~~~~~~~~~~~-->
  <!--SIG_PAD-->
  <FIELD name="PAD_P2c_Loan_Officer_1">
    <WIDGETS>
      <WIDGET page_index="1" left="107.983" bottom="96.6085" width="57" height="14.4005" rotation="0" />
    </WIDGETS>
  </FIELD>
  <FIELD name="SIG_DATE_P2c_Loan_Officer_1">
    <WIDGETS>
      <WIDGET page_index="1" left="236.601" bottom="96.6024" width="58.348" height="10.0696" rotation="0" />
    </WIDGETS>
  </FIELD>
  <!--DOCUSIGN-->
  <FIELD type="SignatureMetaField" signature_field_name="PAD_P2c_Loan_Officer_1" name="P2c_Loan_Officer_1" role="RecipientIndex" docusign_x_offset="0" docusign_y_offset="-7" />
  <FIELD type="SignatureMetaField" signature_field_name="PAD_P2c_Loan_Officer_1" name="P2c_Loan_Officer_1_Initials" role="IsInitials" value="N" />
  <FIELD type="SignatureMetaField" signature_field_name="PAD_P2c_Loan_Officer_1" name="P2c_Loan_Officer_1_DateOffsets" role="DateOffset" docusign_date_x_offset="0" docusign_date_y_offset="0" />
  <FIELD type="SignatureMetaField" signature_field_name="PAD_P2c_Loan_Officer_1" name="P2c_Loan_Officer_1_Optional" role="IsOptional" value="N" />
  <!--~~~~~~~~~~~~~~~~~~~~~~~~~~~~~~~~~~~~~~~~~~~~~~~~~~~~~~~~~~~~~~~~~~~~~~~~~~~~~~~~~~~~~~~~~~~~~-->
  <!---->
  <!--~~~~~~~~~~~~~~~~~~~~~~~~~~~~~~~~~~~~~~~~~~~~~~~~~~~~~~~~~~~~~~~~~~~~~~~~~~~~~~~~~~~~~~~~~~~~~-->
  <!--SIG_PAD-->
  <FIELD name="PAD_P2d_Loan_Officer_2">
    <WIDGETS>
      <WIDGET page_index="1" left="316.874" bottom="97.3267" width="56.4" height="14.4003" rotation="0" />
    </WIDGETS>
  </FIELD>
  <FIELD name="SIG_DATE_P2d_Loan_Officer_2">
    <WIDGETS>
      <WIDGET page_index="1" left="454.21" bottom="96.6933" width="58.348" height="10.0697" rotation="0" />
    </WIDGETS>
  </FIELD>
  <!--DOCUSIGN-->
  <FIELD type="SignatureMetaField" signature_field_name="PAD_P2d_Loan_Officer_2" name="P2d_Loan_Officer_2" role="RecipientIndex" docusign_x_offset="0" docusign_y_offset="-7" />
  <FIELD type="SignatureMetaField" signature_field_name="PAD_P2d_Loan_Officer_2" name="P2d_Loan_Officer_2_Initials" role="IsInitials" value="N" />
  <FIELD type="SignatureMetaField" signature_field_name="PAD_P2d_Loan_Officer_2" name="P2d_Loan_Officer_2_DateOffsets" role="DateOffset" docusign_date_x_offset="0" docusign_date_y_offset="0" />
  <FIELD type="SignatureMetaField" signature_field_name="PAD_P2d_Loan_Officer_2" name="P2d_Loan_Officer_2_Optional" role="IsOptional" value="N" />
  <!--~~~~~~~~~~~~~~~~~~~~~~~~~~~~~~~~~~~~~~~~~~~~~~~~~~~~~~~~~~~~~~~~~~~~~~~~~~~~~~~~~~~~~~~~~~~~~-->
  <!---->
  <!--~~~~~~~~~~~~~~~~~~~~~~~~~~~~~~~~~~~~~~~~~~~~~~~~~~~~~~~~~~~~~~~~~~~~~~~~~~~~~~~~~~~~~~~~~~~~~-->
  <!--SIG_PAD-->
  <FIELD name="PAD_P2e_Credit_Committee_1">
    <WIDGETS>
      <WIDGET page_index="1" left="108.583" bottom="82.254" width="56.4" height="13.8" rotation="0" />
    </WIDGETS>
  </FIELD>
  <FIELD name="SIG_DATE_P2e_Credit_Committee_1">
    <WIDGETS>
      <WIDGET page_index="1" left="236.601" bottom="81.0022" width="58.348" height="10.07" rotation="0" />
    </WIDGETS>
  </FIELD>
  <!--DOCUSIGN-->
  <FIELD type="SignatureMetaField" signature_field_name="PAD_P2e_Credit_Committee_1" name="P2e_Credit_Committee_1" role="RecipientIndex" docusign_x_offset="0" docusign_y_offset="-7" />
  <FIELD type="SignatureMetaField" signature_field_name="PAD_P2e_Credit_Committee_1" name="P2e_Credit_Committee_1_Initials" role="IsInitials" value="N" />
  <FIELD type="SignatureMetaField" signature_field_name="PAD_P2e_Credit_Committee_1" name="P2e_Credit_Committee_1_DateOffsets" role="DateOffset" docusign_date_x_offset="0" docusign_date_y_offset="0" />
  <FIELD type="SignatureMetaField" signature_field_name="PAD_P2e_Credit_Committee_1" name="P2e_Credit_Committee_1_Optional" role="IsOptional" value="N" />
  <!--~~~~~~~~~~~~~~~~~~~~~~~~~~~~~~~~~~~~~~~~~~~~~~~~~~~~~~~~~~~~~~~~~~~~~~~~~~~~~~~~~~~~~~~~~~~~~-->
  <!---->
  <!--~~~~~~~~~~~~~~~~~~~~~~~~~~~~~~~~~~~~~~~~~~~~~~~~~~~~~~~~~~~~~~~~~~~~~~~~~~~~~~~~~~~~~~~~~~~~~-->
  <!--SIG_PAD-->
  <FIELD name="PAD_P2f_Credit_Committee_2">
    <WIDGETS>
      <WIDGET page_index="1" left="314.874" bottom="81.9267" width="56.4" height="14.4" rotation="0" />
    </WIDGETS>
  </FIELD>
  <FIELD name="SIG_DATE_P2f_Credit_Committee_2">
    <WIDGETS>
      <WIDGET page_index="1" left="453.965" bottom="81.1294" width="58.348" height="10.07" rotation="0" />
    </WIDGETS>
  </FIELD>
  <!--DOCUSIGN-->
  <FIELD type="SignatureMetaField" signature_field_name="PAD_P2f_Credit_Committee_2" name="P2f_Credit_Committee_2" role="RecipientIndex" docusign_x_offset="0" docusign_y_offset="-7" />
  <FIELD type="SignatureMetaField" signature_field_name="PAD_P2f_Credit_Committee_2" name="P2f_Credit_Committee_2_Initials" role="IsInitials" value="N" />
  <FIELD type="SignatureMetaField" signature_field_name="PAD_P2f_Credit_Committee_2" name="P2f_Credit_Committee_2_DateOffsets" role="DateOffset" docusign_date_x_offset="0" docusign_date_y_offset="0" />
  <FIELD type="SignatureMetaField" signature_field_name="PAD_P2f_Credit_Committee_2" name="P2f_Credit_Committee_2_Optional" role="IsOptional" value="N" />
  <!--~~~~~~~~~~~~~~~~~~~~~~~~~~~~~~~~~~~~~~~~~~~~~~~~~~~~~~~~~~~~~~~~~~~~~~~~~~~~~~~~~~~~~~~~~~~~~-->
  <!---->
  <!--~~~~~~~~~~~~~~~~~~~~~~~~~~~~~~~~~~~~~~~~~~~~~~~~~~~~~~~~~~~~~~~~~~~~~~~~~~~~~~~~~~~~~~~~~~~~~-->
</ADDITIONAL_FIELDS>