<ADDITIONAL_FIELDS>
  <!--~~~~~~~~~~~~~~~~~~~~~~~~~~~~~~~~~~~~~~~~~~~~~~~~~~~~~~~~~~~~~~~~~~~~~~~~~~~~~~~~~~~~~~~~~~~~~-->
  <!---->
  <!--~~~~~~~~~~~~~~~~~~~~~~~~~~~~~~~~~~~~~~~~~~~~~~~~~~~~~~~~~~~~~~~~~~~~~~~~~~~~~~~~~~~~~~~~~~~~~-->
  <!--TARGET APPLICANT NAME-->
  <FIELD name="XML_P1a_Borrower_1">
    <WIDGETS>
      <WIDGET page_index="0" left="107.835" bottom="96.0644" width="160.294" height="10.0696" rotation="0" />
    </WIDGETS>
  </FIELD>
  <!--SIG_PAD-->
  <FIELD name="PAD_P1a_Borrower_1">
    <WIDGETS>
      <WIDGET page_index="0" left="35.7525" bottom="73.9836" width="102.4165" height="24.958" rotation="0" />
    </WIDGETS>
  </FIELD>
  <FIELD name="SIG_DATE_P1a_Borrower_1">
    <WIDGETS>
      <WIDGET page_index="0" left="223.338" bottom="81.3607" width="58.348" height="10.07" rotation="0" />
    </WIDGETS>
  </FIELD>
  <!--DOCUSIGN-->
  <FIELD type="SignatureMetaField" signature_field_name="PAD_P1a_Borrower_1" name="P1a_Borrower_1" role="RecipientIndex" docusign_x_offset="0" docusign_y_offset="-4" />
  <FIELD type="SignatureMetaField" signature_field_name="PAD_P1a_Borrower_1" name="P1a_Borrower_1_Initials" role="IsInitials" value="N" />
  <FIELD type="SignatureMetaField" signature_field_name="PAD_P1a_Borrower_1" name="P1a_Borrower_1_DateOffsets" role="DateOffset" docusign_date_x_offset="0" docusign_date_y_offset="0" />
  <!--~~~~~~~~~~~~~~~~~~~~~~~~~~~~~~~~~~~~~~~~~~~~~~~~~~~~~~~~~~~~~~~~~~~~~~~~~~~~~~~~~~~~~~~~~~~~~-->
  <!---->
  <!--~~~~~~~~~~~~~~~~~~~~~~~~~~~~~~~~~~~~~~~~~~~~~~~~~~~~~~~~~~~~~~~~~~~~~~~~~~~~~~~~~~~~~~~~~~~~~-->
  <!--TARGET APPLICANT NAME-->
  <FIELD name="XML_P1b_Borrower_2">
    <WIDGETS>
      <WIDGET page_index="0" left="401.183" bottom="95.9403" width="160.294" height="10.0697" rotation="0" />
    </WIDGETS>
  </FIELD>
  <!--SIG_PAD-->
  <FIELD name="PAD_P1b_Borrower_2">
    <WIDGETS>
      <WIDGET page_index="0" left="329.1" bottom="73.8595" width="102.417" height="24.958" rotation="0" />
    </WIDGETS>
  </FIELD>
  <FIELD name="SIG_DATE_P1b_Borrower_2">
    <WIDGETS>
      <WIDGET page_index="0" left="516.685" bottom="81.2366" width="58.3480000000001" height="10.07" rotation="0" />
    </WIDGETS>
  </FIELD>
  <!--DOCUSIGN-->
  <FIELD type="SignatureMetaField" signature_field_name="PAD_P1b_Borrower_2" name="P1b_Borrower_2" role="RecipientIndex" docusign_x_offset="0" docusign_y_offset="-4" />
  <FIELD type="SignatureMetaField" signature_field_name="PAD_P1b_Borrower_2" name="P1b_Borrower_2_Initials" role="IsInitials" value="N" />
  <FIELD type="SignatureMetaField" signature_field_name="PAD_P1b_Borrower_2" name="P1b_Borrower_2_DateOffsets" role="DateOffset" docusign_date_x_offset="0" docusign_date_y_offset="0" />
  <!--~~~~~~~~~~~~~~~~~~~~~~~~~~~~~~~~~~~~~~~~~~~~~~~~~~~~~~~~~~~~~~~~~~~~~~~~~~~~~~~~~~~~~~~~~~~~~-->
  <!---->
  <!--~~~~~~~~~~~~~~~~~~~~~~~~~~~~~~~~~~~~~~~~~~~~~~~~~~~~~~~~~~~~~~~~~~~~~~~~~~~~~~~~~~~~~~~~~~~~~-->
</ADDITIONAL_FIELDS>